accession	gene	tryptic_peptides
A5A616	mgtS	1
O32583	thiS	3
P00350	gnd	24
P00363	frdA	33
P00370	gdhA	24
P00393	ndh	24
P00448	sodA	9
P00452	nrdA	39
P00490	malP	50
P00509	aspC	25
P00550	mtlA	22
P00561	thrA	44
P00562	metL	41
P00579	rpoD	24
P00582	polA	46
P00634	phoA	26
P00722	lacZ	48
P00803	lepB	14
P00804	lspA	6
P00805	ansB	17
P00811	ampC	23
P00861	lysA	14
P00864	ppc	51
P00893	ilvI	28
P00894	ilvH	10
P00903	pabA	8
P00904	trpGD	19
P00914	phrB	30
P00926	dsdA	20
P00935	metB	13
P00936	cyaA	40
P00946	manA	19
P00956	ileS	51
P00957	alaS	51
P00959	metG	37
P00962	glnS	32
P00963	asnA	16
P00968	carB	53
P02358	rpsF	7
P02359	rpsG	9
P02916	malF	14
P02918	mrcA	45
P02919	mrcB	40
P02920	lacY	10
P02921	melB	12
P02925	rbsB	15
P02929	tonB	9
P02930	tolC	24
P02931	ompF	17
P02942	tsr	29
P02943	lamB	23
P03004	dnaA	28
P03007	dnaQ	10
P03018	uvrD	39
P03023	lacI	17
P03819	kefC	31
P03959	kdpA	7
P03960	kdpB	29
P03961	kdpC	3
P04036	dapB	18
P04079	guaA	29
P04152	umuC	23
P04391	argI	15
P04395	alkA	19
P04425	gshB	18
P04693	tyrB	19
P04737	traA	3
P04805	gltX	25
P04825	pepN	44
P04968	ilvA	31
P04982	rbsD	7
P04983	rbsA	32
P04993	recD	34
P04994	xseA	28
P04995	sbcB	21
P05020	pyrC	17
P05041	pabB	20
P05042	fumC	20
P05050	alkB	11
P05055	pnp	30
P05194	aroD	15
P05458	ptrA	44
P05523	mutM	15
P05637	apaH	14
P05704	trg	34
P05791	ilvD	28
P05793	ilvC	30
P05804	uidA	22
P05824	recN	29
P05825	fepA	32
P05852	tsaD	17
P06129	btuB	33
P06134	ada	22
P06136	ftsQ	15
P06149	dld	39
P06609	btuC	7
P06610	btuE	10
P06611	btuD	11
P06612	topA	49
P06616	era	14
P06709	birA	17
P06710	dnaX	40
P06715	gor	21
P06721	metC	16
P06722	mutH	7
P06959	aceF	35
P06961	cca	25
P06968	dut	5
P06971	fhuA	43
P06972	fhuB	19
P06974	fliM	17
P06983	hemC	17
P06988	hisD	15
P06992	rsmA	13
P06993	malT	49
P06996	ompC	19
P06999	pfkB	16
P07001	pntA	21
P07003	poxB	23
P07004	proA	25
P07012	prfB	18
P07013	priB	6
P07014	sdhB	16
P07017	tar	29
P07024	ushA	26
P07026	sdiA	10
P07102	appA	18
P07117	putP	14
P07118	valS	51
P07330	cheB	22
P07363	cheA	31
P07395	pheT	38
P07464	lacA	5
P07604	tyrR	27
P07623	metAS	16
P07639	aroB	19
P07648	recC	49
P07649	truA	18
P07658	fdhF	37
P07821	fhuC	15
P07822	fhuD	12
P07862	ddlB	15
P07913	tdh	12
P08179	purN	11
P08191	fimH	7
P08192	folC	21
P08200	icd	24
P08201	nirB	49
P08202	araA	19
P08203	araD	8
P08244	pyrF	11
P08312	pheS	19
P08337	mutT	10
P08373	murB	15
P08394	recB	63
P08395	sppA	29
P08400	phoR	24
P08506	dacC	22
P08622	dnaJ	14
P08660	lysC	21
P08839	ptsI	31
P08956	hsdR	73
P09029	purK	13
P09030	xthA	17
P09099	xylB	21
P09147	galE	15
P09148	galT	18
P09152	narG	64
P09158	speE	11
P09169	ompT	17
P09323	nagE	18
P09348	motA	8
P09372	grpE	9
P09373	pflB	40
P09377	rhaS	12
P09391	glpG	8
P09394	glpQ	19
P09546	putA	62
P09831	gltB	76
P09832	gltD	26
P09835	uhpB	20
P09980	rep	38
P0A698	uvrA	45
P0A6A0	ubiB	28
P0A6A3	ackA	17
P0A6A8	acpP	3
P0A6B4	alr	17
P0A6B7	iscS	23
P0A6C1	nfo	16
P0A6C8	argB	14
P0A6D0	argR	6
P0A6D3	aroA	19
P0A6D5	ydiB	14
P0A6D7	aroK	11
P0A6E1	aroL	9
P0A6E4	argG	25
P0A6E6	atpC	4
P0A6F1	carA	14
P0A6F3	glpK	28
P0A6F5	groEL	30
P0A6F9	groES	6
P0A6G7	clpP	8
P0A6H1	clpX	24
P0A6H5	hslU	27
P0A6H8	clsA	21
P0A6I0	cmk	11
P0A6I6	coaD	9
P0A6J1	cysC	8
P0A6J3	cysZ	5
P0A6J5	dadA	23
P0A6K1	dapF	10
P0A6K3	def	8
P0A6K6	deoB	21
P0A6L0	deoC	18
P0A6L2	dapA	12
P0A6L4	nanA	14
P0A6M2	dsbB	6
P0A6M4	dtd	8
P0A6M8	fusA	35
P0A6N4	efp	6
P0A6N8	efpL	8
P0A6P1	tsf	20
P0A6P5	der	27
P0A6P9	eno	18
P0A6Q3	fabA	9
P0A6Q6	fabZ	7
P0A6R0	fabH	15
P0A6R3	fis	2
P0A6S5	ftsB	7
P0A6S7	gpsA	15
P0A6T1	pgi	26
P0A6T3	galK	12
P0A6T5	folE	12
P0A6U3	mnmG	28
P0A6U5	rsmG	11
P0A6V1	glgC	20
P0A6V5	glpE	6
P0A6W3	mraY	11
P0A6X1	hemA	22
P0A6X3	hfq	4
P0A6X7	ihfA	7
P0A6Y1	ihfB	5
P0A6Y5	hslO	12
P0A6Y8	dnaK	35
P0A6Z3	htpG	38
P0A6Z6	nikR	4
P0A700	hypA	7
P0A703	hybF	4
P0A705	infB	44
P0A707	infC	8
P0A710	yciB	7
P0A712	kdgT	6
P0A715	kdsA	17
P0A717	prs	13
P0A720	tmk	14
P0A722	lpxA	9
P0A725	lpxC	15
P0A729	yceF	8
P0A731	mgsA	5
P0A738	moaC	9
P0A742	mscL	5
P0A744	msrA	9
P0A746	msrB	8
P0A749	murA	22
P0A754	kefF	6
P0A759	nagB	14
P0A761	nanE	10
P0A763	ndk	7
P0A769	mntH	11
P0A776	rppH	8
P0A784	orn	11
P0A786	pyrB	19
P0A790	panD	3
P0A794	pdxJ	12
P0A796	pfkA	18
P0A799	pgk	19
P0A7A7	plsB	44
P0A7A9	ppa	10
P0A7B1	ppk	43
P0A7B3	nadK	11
P0A7B5	proB	23
P0A7B8	hslV	7
P0A7C2	lexA	11
P0A7D1	pth	13
P0A7D4	purA	23
P0A7E1	pyrD	22
P0A7E3	pyrE	12
P0A7E5	pyrG	30
P0A7E9	pyrH	12
P0A7F6	speD	13
P0A7F9	queA	14
P0A7G2	rbfA	9
P0A7G6	recA	18
P0A7H0	recF	18
P0A7I4	prfC	24
P0A7I7	ribA	12
P0A7J0	ribB	9
P0A7J3	rplJ	8
P0A7J7	rplK	9
P0A7K2	rplL	7
P0A7K6	rplS	7
P0A7L0	rplA	14
P0A7L3	rplT	6
P0A7L8	rpmA	4
P0A7M2	rpmB	6
P0A7M6	rpmC	2
P0A7M9	rpmE	5
P0A7N4	rpmF	3
P0A7N9	rpmG	1
P0A7R1	rplI	11
P0A7R5	rpsJ	6
P0A7R9	rpsK	6
P0A7S3	rpsL	6
P0A7S9	rpsM	7
P0A7T3	rpsP	3
P0A7T7	rpsR	3
P0A7U3	rpsS	5
P0A7U7	rpsT	3
P0A7V0	rpsB	14
P0A7V3	rpsC	13
P0A7V8	rpsD	12
P0A7W1	rpsE	11
P0A7W7	rpsH	10
P0A7X3	rpsI	7
P0A7X6	rimM	10
P0A7Y0	rnc	14
P0A7Y4	rnhA	9
P0A7Z0	rpiA	9
P0A7Z4	rpoA	18
P0A800	rpoZ	7
P0A809	ruvA	5
P0A812	ruvB	17
P0A814	ruvC	9
P0A817	metK	21
P0A821	selA	28
P0A825	glyA	21
P0A830	dctA	8
P0A832	smpB	6
P0A836	sucC	24
P0A840	surE	8
P0A847	tgt	21
P0A850	tig	24
P0A853	tnaA	23
P0A855	tolB	17
P0A858	tpiA	11
P0A862	tpx	7
P0A870	talB	20
P0A873	trmD	12
P0A879	trpB	18
P0A884	thyA	12
P0A887	ubiE	14
P0A890	tusA	5
P0A894	rapZ	15
P0A898	ybeY	2
P0A8B2	smrB	11
P0A8D6	ymdB	11
P0A8E7	yajQ	10
P0A8F0	upp	11
P0A8F8	uvrB	34
P0A8G0	uvrC	31
P0A8G6	wrbA	10
P0A8G9	xseB	5
P0A8H3	zupT	2
P0A8H6	yihI	10
P0A8I1	yqgF	8
P0A8I5	trmB	9
P0A8I8	rlmH	9
P0A8J2	dnaT	10
P0A8J8	rhlB	24
P0A8K1	psd	13
P0A8L1	serS	22
P0A8M0	asnS	25
P0A8M3	thrS	38
P0A8M6	tmaR	4
P0A8N0	matP	9
P0A8N3	lysS	28
P0A8N5	lysU	27
P0A8N7	epmA	15
P0A8P6	xerC	15
P0A8P8	xerD	15
P0A8Q0	frdC	6
P0A8Q3	frdD	6
P0A8R0	rraA	6
P0A8S1	argP	11
P0A8S9	flhD	7
P0A8T1	prmA	9
P0A8T7	rpoC	75
P0A8V0	rbn	16
P0A8V2	rpoB	68
P0A8V6	fadR	14
P0A8W0	nanR	14
P0A8X0	darP	10
P0A8Y1	yjjG	9
P0A8Y3	yihX	8
P0A8Y5	yidA	13
P0A8Y8	entH	7
P0A903	bamC	18
P0A910	ompA	16
P0A912	pal	7
P0A921	pldA	15
P0A924	pgpB	13
P0A935	mltA	15
P0A937	bamE	2
P0A940	bamA	41
P0A944	rimI	10
P0A948	rimJ	12
P0A951	speG	12
P0A953	fabB	16
P0A955	eda	11
P0A959	alaA	20
P0A962	ansA	10
P0A964	cheW	8
P0A968	cspD	3
P0A972	cspE	5
P0A988	dnaN	14
P0A991	fbaB	17
P0A993	fbp	15
P0A998	ftnA	7
P0A9A6	ftsZ	22
P0A9A9	fur	9
P0A9B2	gapA	22
P0A9B6	epd	19
P0A9C0	glpA	31
P0A9C5	glnA	23
P0A9C9	glpX	20
P0A9D2	gstA	11
P0A9D8	dapD	14
P0A9E0	araC	12
P0A9E5	fnr	6
P0A9G4	cueR	6
P0A9G6	aceA	22
P0A9G8	modE	14
P0A9H3	cadA	36
P0A9H7	cfa	22
P0A9H9	cheZ	10
P0A9J0	rng	28
P0A9J4	panE	12
P0A9J6	rbsK	13
P0A9J8	pheA	19
P0A9K7	phoU	16
P0A9K9	slyD	5
P0A9L3	fklB	9
P0A9M0	lon	40
P0A9M2	hpt	9
P0A9M5	gpt	6
P0A9M8	pta	33
P0A9N4	pflA	15
P0A9N8	nrdG	9
P0A9P0	lpdA	21
P0A9P4	trxB	15
P0A9P6	deaD	27
P0A9Q1	arcA	12
P0A9Q5	accD	18
P0A9Q7	adhE	43
P0A9Q9	asd	14
P0A9R7	ftsE	11
P0A9S1	fucO	18
P0A9S5	gldA	13
P0A9S7	livG	16
P0A9T0	serA	15
P0A9V1	lptB	15
P0A9V8	yihU	15
P0A9W3	ettA	33
P0A9X4	mreB	16
P0A9X9	cspA	5
P0A9Y6	cspC	4
P0A9Z1	glnB	7
P0AA04	ptsH	4
P0AA10	rplM	9
P0AA16	ompR	13
P0AA25	trxA	7
P0AA37	rluA	8
P0AA41	truC	13
P0AA43	rsuA	10
P0AA47	plaP	10
P0AA76	dgoT	12
P0AA78	exuT	12
P0AA84	clsB	21
P0AA89	dosC	26
P0AA93	ypdA	23
P0AA99	dpaA	13
P0AAA9	zraP	5
P0AAB4	ubiD	22
P0AAC6	yccA	3
P0AAC8	iscA	7
P0AAD6	sdaC	8
P0AAD8	tdcC	11
P0AAE0	cycA	12
P0AAE8	cadB	8
P0AAF1	potE	6
P0AAG0	dppD	19
P0AAH0	pstB	15
P0AAH4	sapD	20
P0AAI3	ftsH	36
P0AAI5	fabF	18
P0AAJ3	fdnH	14
P0AAJ5	fdoH	14
P0AAM1	hyaC	9
P0AAM3	hypC	6
P0AAM7	hybG	3
P0AAN3	hypB	13
P0AAP3	frmR	6
P0AAR3	ybaK	8
P0AAT4	ybdG	19
P0AAT6	rsfS	4
P0AAW9	acrZ	1
P0AAX8	ybiS	12
P0AAZ4	rarA	26
P0AB06	mepK	11
P0AB38	lpoB	7
P0AB58	lapB	21
P0AB71	fbaA	13
P0AB74	kbaY	13
P0AB77	kbl	17
P0AB80	ilvE	12
P0AB83	nth	10
P0AB85	apbE	18
P0AB87	fucA	8
P0AB89	purB	25
P0AB91	aroG	18
P0AB98	atpB	5
P0ABA6	atpG	17
P0ABB0	atpA	27
P0ABB4	atpD	24
P0ABB8	mgtA	33
P0ABC3	hflC	18
P0ABC7	hflK	23
P0ABD3	bfr	10
P0ABD5	accA	19
P0ABD8	accB	7
P0ABE5	cybB	4
P0ABF1	pcnB	25
P0ABF6	cdd	14
P0ABG1	cdsA	4
P0ABG4	ftsW	16
P0ABG7	mrdB	13
P0ABH0	ftsA	19
P0ABH7	gltA	19
P0ABH9	clpA	41
P0ABI4	corA	13
P0ABI8	cyoB	13
P0ABJ1	cyoA	15
P0ABJ3	cyoC	3
P0ABJ6	cyoD	1
P0ABJ9	cydA	16
P0ABK2	cydB	4
P0ABK5	cysK	14
P0ABK7	csgB	5
P0ABK9	nrfA	26
P0ABL3	napB	5
P0ABN1	dgkA	7
P0ABN5	dcuA	6
P0ABN9	dcuB	7
P0ABP8	deoD	16
P0ABQ0	coaBC	16
P0ABQ4	folA	7
P0ABR9	mhpB	11
P0ABS1	dksA	5
P0ABS5	dnaG	30
P0ABS8	holE	5
P0ABT2	dps	12
P0ABU0	menB	13
P0ABU2	ychF	19
P0ABU7	exbB	8
P0ABU9	tolQ	10
P0ABV2	exbD	6
P0ABV6	tolR	5
P0ABY7	flhC	6
P0ABZ1	fliG	18
P0ABZ6	surA	22
P0AC00	frlB	13
P0AC02	bamD	16
P0AC13	folP	15
P0AC16	folB	7
P0AC19	folX	8
P0AC23	focA	4
P0AC30	ftsX	17
P0AC33	fumA	36
P0AC38	aspA	23
P0AC41	sdhA	32
P0AC44	sdhD	3
P0AC47	frdB	9
P0AC53	zwf	29
P0AC55	glnK	7
P0AC69	grxD	7
P0AC75	waaA	19
P0AC78	wecA	8
P0AC81	gloA	8
P0AC84	gloB	9
P0AC88	gmd	20
P0AC98	satP	2
P0ACB0	dnaB	29
P0ACB2	hemB	17
P0ACB4	hemG	13
P0ACC1	prmC	14
P0ACC3	erpA	6
P0ACC7	glmU	21
P0ACD4	iscU	8
P0ACD8	hyaB	33
P0ACE0	hybC	28
P0ACE3	hha	5
P0ACE7	hinT	6
P0ACF0	hupA	4
P0ACF4	hupB	4
P0ACF8	hns	8
P0ACG1	stpA	9
P0ACG8	hslR	6
P0ACJ0	lrp	10
P0ACJ8	crp	15
P0ACN4	allR	12
P0ACN7	cytR	16
P0ACP7	purR	18
P0ACQ4	oxyR	16
P0ACR9	mprA	8
P0ACS9	acrR	13
P0ACV0	lpxL	14
P0ACV6	mpaA	13
P0ACY3	yeaG	34
P0ACZ4	evgA	12
P0AD14	btsS	22
P0AD27	pbgA	22
P0AD49	raiA	6
P0AD57	ispB	11
P0AD59	ivy	8
P0AD61	pykF	27
P0AD65	mrdA	35
P0AD68	ftsI	33
P0AD70	ampH	18
P0AD99	brnQ	9
P0ADA1	tesA	14
P0ADC1	lptE	12
P0ADE4	tamA	33
P0ADG4	suhB	17
P0ADG7	guaB	19
P0ADI4	entB	15
P0ADL1	nepI	9
P0ADN0	viaA	27
P0ADN2	maoP	8
P0ADP0	yigB	13
P0ADP2	yigI	9
P0ADR8	ppnN	24
P0ADS2	zapA	6
P0ADV1	lptA	5
P0ADV9	lptC	8
P0ADY1	ppiD	33
P0ADY3	rplN	7
P0ADY7	rplP	4
P0ADZ0	rplW	5
P0ADZ4	rpsO	4
P0AE01	trmJ	10
P0AE06	acrA	22
P0AE08	ahpC	10
P0AE12	amn	22
P0AE16	ampG	18
P0AE18	map	16
P0AE22	aphA	9
P0AE24	araE	11
P0AE52	bcp	11
P0AE67	cheY	5
P0AE70	mazF	6
P0AE72	mazE	6
P0AE82	cpxA	25
P0AE85	cpxP	8
P0AE88	cpxR	10
P0AEA8	cysG	23
P0AEB2	dacA	24
P0AEC3	arcB	38
P0AEC5	barA	50
P0AEC8	dcuS	27
P0AED7	dapE	20
P0AEE3	degS	13
P0AEE5	mglB	23
P0AEE8	dam	13
P0AEF0	dnaC	11
P0AEG4	dsbA	10
P0AEG6	dsbC	10
P0AEH1	rseP	22
P0AEI1	miaB	27
P0AEJ2	entC	18
P0AEJ4	envZ	26
P0AEJ6	eutB	21
P0AEK2	fabG	11
P0AEK4	fabI	13
P0AEK7	fdnI	4
P0AEL0	fdoI	6
P0AEL8	fimZ	13
P0AEM6	fliA	14
P0AEM9	tcyJ	20
P0AEN1	fre	15
P0AEN4	ftsL	8
P0AEN8	fucU	5
P0AEP3	galU	14
P0AEP7	gcl	21
P0AEP9	glcD	27
P0AER0	glpF	6
P0AES0	gss	31
P0AES2	gudD	19
P0AES4	gyrA	42
P0AES6	gyrB	41
P0AES9	hdeA	2
P0AET2	hdeB	6
P0AET8	hdhA	12
P0AEU7	skp	7
P0AEV1	rssB	13
P0AEW6	gsk	23
P0AEW9	fruK	15
P0AEX7	livH	5
P0AEX9	malE	24
P0AEY3	mazG	15
P0AEY5	mdaB	11
P0AEY8	mdfA	5
P0AEZ1	metF	18
P0AEZ3	minD	14
P0AF06	motB	19
P0AF12	mtnN	8
P0AF16	murJ	20
P0AF18	nagA	17
P0AF24	nagD	11
P0AF28	narL	9
P0AF32	narV	8
P0AF36	zapB	5
P0AF52	ghxP	7
P0AF61	ghoS	4
P0AF67	tsaE	6
P0AF90	rraB	2
P0AF93	ridA	6
P0AFA2	narX	32
P0AFA7	nhaB	13
P0AFB1	nlpI	14
P0AFB5	glnL	18
P0AFB8	glnG	23
P0AFC0	nudB	9
P0AFC3	nuoA	5
P0AFC7	nuoB	13
P0AFD1	nuoE	7
P0AFD4	nuoH	10
P0AFD6	nuoI	12
P0AFE0	nuoJ	2
P0AFE4	nuoK	2
P0AFE8	nuoM	4
P0AFF0	nuoN	8
P0AFF2	nupC	15
P0AFF4	nupG	8
P0AFF6	nusA	26
P0AFG0	nusG	10
P0AFG3	sucA	45
P0AFG6	sucB	20
P0AFG8	aceE	47
P0AFI0	oxc	25
P0AFI2	parC	37
P0AFI7	pdxH	13
P0AFJ7	pitA	10
P0AFL3	ppiA	11
P0AFL6	ppx	29
P0AFM2	proX	11
P0AFM6	pspA	13
P0AFP6	ybgI	10
P0AFQ5	rutC	4
P0AFR2	dauA	12
P0AFS3	folM	9
P0AFS9	mepM	25
P0AFT2	tcyL	10
P0AFU0	yejB	13
P0AFU4	glrR	21
P0AFV4	mepS	8
P0AFW0	rfaH	9
P0AFW2	rmf	3
P0AFX0	hpf	3
P0AFX7	rseA	7
P0AFX9	rseB	13
P0AFY6	sbmA	14
P0AFY8	seqA	10
P0AFZ3	sspB	5
P0AFZ5	sulA	8
P0AG07	rpe	10
P0AG11	umuD	3
P0AG16	purF	23
P0AG18	purE	6
P0AG24	spoT	37
P0AG30	rho	23
P0AG55	rplF	9
P0AG59	rpsN	3
P0AG63	rpsQ	3
P0AG67	rpsA	27
P0AG74	rusA	8
P0AG80	ugpB	26
P0AG86	secB	5
P0AG90	secD	31
P0AG93	secF	9
P0AG96	secE	7
P0AG99	secG	5
P0AGA2	secY	12
P0AGB0	serB	17
P0AGB3	rpoH	17
P0AGB6	rpoE	11
P0AGC0	uhpT	13
P0AGC3	slt	39
P0AGD1	sodC	10
P0AGD3	sodB	9
P0AGD7	ffh	23
P0AGE0	ssb	7
P0AGE4	sstT	10
P0AGE6	chrR	7
P0AGE9	sucD	16
P0AGF2	csdE	11
P0AGF4	xylE	11
P0AGF6	tdcB	16
P0AGG0	thiL	16
P0AGG2	tesB	14
P0AGI1	rbsC	7
P0AGJ7	trmL	11
P0AGJ9	tyrS	17
P0AGK1	ubiA	5
P0AGM7	uraA	7
P0C018	rplR	6
P0C037	ppnP	2
P0C054	ibpA	8
P0C058	ibpB	9
P0C077	relE	6
P0C079	relB	5
P0C093	slmA	9
P0C0K3	srkA	17
P0C0L2	osmC	6
P0C0L7	proP	12
P0C0R7	rlmE	10
P0C0S1	mscS	11
P0C0T5	mepA	10
P0C0V0	degP	19
P0CE47	tufA	24
P0CE48	tufB	24
P0CG19	rph	7
P0DM85	rdcA	41
P0DMC5	rcsC	46
P0DMC7	rcsB	10
P0DP90	ilvG	14
P0DTT0	bipA	23
P0DTV7	speFL	1
P10026	traM	10
P10121	ftsY	22
P10378	entE	22
P10408	secA	49
P10443	dnaE	62
P10902	nadB	31
P10903	narK	13
P10905	ugpA	5
P10906	ugpE	7
P10907	ugpC	11
P10908	ugpQ	13
P11071	aceK	31
P11349	narH	27
P11350	narI	7
P11454	entF	52
P11458	nadA	12
P11551	fucP	9
P11553	fucK	22
P11557	damX	20
P11667	argO	4
P11880	murF	12
P12008	aroC	16
P12281	moeA	17
P12282	moeB	9
P12295	ung	13
P12758	udp	11
P12995	bioA	21
P12996	bioB	18
P12998	bioF	19
P13000	bioD1	7
P13001	bioH	14
P13009	metH	63
P13029	katG	37
P13035	glpD	31
P13036	fecA	34
P13039	fes	21
P13445	rpoS	18
P13458	sbcC	46
P13482	treA	29
P13518	csrD	32
P13738	nhaA	7
P14081	selB	37
P14175	proV	17
P14176	proW	6
P14294	topB	37
P14375	zraR	22
P14377	zraS	18
P14407	fumB	37
P14565	traI	99
P14900	murD	17
P15005	mcrB	23
P15028	fecB	13
P15029	fecD	8
P15030	fecC	6
P15034	pepP	20
P15042	ligA	36
P15043	recQ	30
P15047	entA	13
P15067	glgX	28
P15254	purL	60
P15288	pepD	20
P15373	prlF	7
P15640	purD	22
P15723	dgt	27
P15770	aroE	12
P15877	gcd	34
P15993	aroP	8
P16384	miaA	18
P16456	selD	18
P16528	iclR	16
P16659	proS	29
P16686	phnH	4
P16687	phnI	15
P16688	phnJ	14
P16692	phnP	9
P16703	cysM	17
P16869	fhuE	35
P16926	mreC	21
P17109	menD	26
P17115	gutQ	16
P17117	nfsA	12
P17169	glmS	28
P17411	chbF	25
P17443	murG	18
P17444	betA	26
P17445	betB	19
P17846	cysI	33
P17854	cysH	12
P17888	priA	36
P17952	murC	20
P17993	ubiG	14
P18196	minC	12
P18200	pgpA	1
P18335	argD	18
P18775	dmsA	41
P18776	dmsB	11
P18843	nadE	16
P18956	ggt	29
P19318	narY	30
P19319	narZ	63
P19624	pdxA	14
P19636	eutC	16
P19925	entD	11
P19926	agp	17
P19934	tolA	20
P20083	parE	29
P20966	fruA	18
P21151	fadA	16
P21156	cysD	11
P21165	pepQ	21
P21170	speA	28
P21177	fadB	36
P21179	katE	34
P21338	rna	13
P21345	gltP	12
P21437	yggF	19
P21499	rnr	43
P21507	srmB	24
P21513	rne	45
P21514	pdeL	17
P21599	pykA	25
P21645	lpxD	8
P21693	dbpA	19
P21829	ybhA	7
P21865	kdpD	39
P21888	cysS	22
P22106	asnB	31
P22188	murE	22
P22255	cysQ	10
P22256	gabT	23
P22259	pckA	24
P22333	add	14
P22523	mukB	81
P22525	ycbB	25
P22634	murI	15
P22729	livM	10
P22731	livF	13
P23003	trmA	20
P23256	malY	20
P23367	mutL	31
P23522	garL	11
P23538	ppsA	37
P23721	serC	18
P23827	eco	9
P23830	pssA	26
P23836	phoP	12
P23837	phoQ	24
P23843	oppA	29
P23845	cysN	23
P23847	dppA	24
P23857	pspE	5
P23862	priC	10
P23865	prc	35
P23872	aes	18
P23873	hipB	5
P23874	hipA	26
P23882	fmt	16
P23883	puuC	23
P23886	cydC	20
P23890	cadC	23
P23893	hemL	15
P23894	htpX	8
P23895	emrE	3
P23908	argE	14
P23909	mutS	43
P23930	lnt	21
P24082	traN	35
P24171	dcp	29
P24173	waaC	15
P24177	acrD	39
P24182	accC	24
P24183	fdnG	60
P24186	folD	9
P24188	trhO	19
P24192	hypD	14
P24193	hypE	13
P24203	yjiA	14
P24205	lpxM	14
P24207	pheP	12
P24215	uxuA	21
P24224	acpS	9
P24228	dacB	23
P24230	recG	32
P24232	hmp	18
P24554	radA	24
P25397	tehB	14
P25437	frmA	15
P25516	acnA	41
P25519	hflX	26
P25522	mnmE	26
P25524	codA	14
P25526	gabD	24
P25527	gabP	14
P25534	ubiH	19
P25535	ubiI	19
P25536	yhdE	10
P25539	ribD	22
P25552	gppA	22
P25553	aldA	27
P25665	metE	33
P25714	yidC	17
P25718	malS	31
P25737	lysP	8
P25740	waaG	24
P25745	mnmA	15
P25888	rhlE	26
P25889	preA	18
P25894	loiP	11
P26458	appB	5
P26459	appC	14
P26602	ubiC	10
P26616	maeA	27
P26648	ftsP	21
P27125	rhaT	9
P27128	waaO	18
P27243	waaL	20
P27249	glnD	55
P27250	ahr	10
P27278	nadR	23
P27296	dinG	40
P27302	tktA	26
P27303	emrA	25
P27306	sthA	24
P27431	roxA	11
P27434	rodZ	10
P27550	acs	33
P27828	wecB	18
P27829	wecC	18
P27830	rffG	19
P27833	wecE	15
P27837	thrP	14
P27838	cyaY	7
P27848	yigL	15
P27859	tatD	15
P28246	bcr	4
P28248	dcd	9
P28305	pabC	14
P28306	mltG	18
P28629	adiA	37
P28630	holA	15
P28631	holB	17
P28632	holD	7
P28861	fpr	12
P28903	nrdD	31
P28905	holC	7
P29018	cydD	24
P29131	ftsN	18
P29745	pepT	21
P30011	nadC	16
P30014	rnt	9
P30015	lhr	77
P30125	leuB	16
P30131	hypF	24
P30138	thiF	10
P30139	thiG	13
P30140	thiH	19
P30147	hyi	17
P30176	ybiA	7
P30177	ybiB	17
P30178	hcxB	13
P30745	moaA	20
P30748	moaD	4
P30749	moaE	8
P30750	metN	18
P30844	basS	19
P30847	baeS	28
P30850	rnb	34
P30855	evgS	52
P30863	dkgB	13
P30870	glnE	45
P30958	mfd	62
P31057	panB	7
P31069	kch	15
P31119	aas	41
P31120	glmM	24
P31129	dgcZ	17
P31133	potF	15
P31134	potG	16
P31135	potH	10
P31142	sseA	12
P31224	acrB	42
P31460	dgoR	12
P31466	adeP	7
P31473	ravA	29
P31545	efeB	18
P31547	metI	6
P31550	thiB	14
P31551	caiD	13
P31552	caiC	25
P31553	caiT	6
P31554	lptD	44
P31572	caiB	20
P31658	hchA	11
P31660	prpC	22
P31663	panC	17
P31667	rpnA	15
P31677	otsA	24
P31678	otsB	15
P31806	nnr	20
P31979	nuoF	24
P31992	pptA	4
P32055	fcl	14
P32056	gmm	9
P32099	lplA	17
P32131	hemN	25
P32138	yihQ	31
P32140	yihS	23
P32143	yihV	13
P32156	rhaM	6
P32157	yiiM	12
P32169	rhaD	12
P32170	rhaA	21
P32171	rhaB	15
P32173	mobA	7
P32176	fdoG	49
P32177	fdhD	10
P32662	gph	8
P32664	nudC	15
P32684	rluF	18
P32695	dusA	22
P32705	actP	10
P32717	yjcS	31
P32719	alsE	9
P33013	dacD	20
P33015	tsuA	10
P33018	yeiG	13
P33022	rihB	15
P33025	psuG	15
P33195	gcvP	39
P33219	yebF	6
P33221	purT	19
P33224	aidB	25
P33225	torA	45
P33226	torC	19
P33231	lldP	12
P33232	lldD	22
P33234	adiY	12
P33371	dusC	20
P33570	tktB	28
P33599	nuoC	34
P33602	nuoG	45
P33607	nuoL	14
P33643	rluD	15
P33644	pgeF	14
P33647	chpB	3
P33650	feoB	27
P33667	selU	18
P33913	yejA	31
P33916	yejF	28
P33919	radD	34
P33937	napA	42
P35340	ahpF	27
P36548	amiA	17
P36553	hemF	15
P36566	cmoM	12
P36649	cueO	18
P36655	dsbD	16
P36675	arfA	3
P36680	zapD	12
P36683	acnB	46
P36837	dtpB	9
P36929	rsmB	19
P36937	kdpF	1
P36979	rlmN	21
P37001	pagP	5
P37002	fluC	3
P37013	norR	23
P37019	clcA	15
P37025	thpR	7
P37028	btuF	15
P37051	purU	13
P37095	pepB	24
P37128	nudK	7
P37177	ptsP	39
P37188	gatB	5
P37197	ccp	25
P37306	allK	13
P37313	dppF	16
P37329	modA	18
P37330	glcB	32
P37340	mdtK	8
P37344	pspF	14
P37349	dhaM	22
P37351	rpiB	9
P37353	menE	19
P37595	iaaA	17
P37597	punC	3
P37610	tauD	13
P37613	panZ	5
P37617	zntA	31
P37624	rbbA	41
P37634	rlmJ	17
P37637	mdtF	33
P37653	bcsA	36
P37666	ghrB	13
P37672	dlgD	18
P37677	lyx	18
P37685	aldB	19
P37686	yiaY	15
P37689	gpmI	24
P37690	envC	23
P37744	rfbA	19
P37745	rfbC	10
P37747	glf	20
P37758	narU	12
P37769	kduD	14
P37773	mpl	20
P37774	tcyN	10
P37794	chbG	13
P37902	gltI	13
P38036	ygcB	35
P38038	cysJ	28
P38051	menF	25
P38054	cusA	45
P38097	dgcE	39
P38135	fadK	28
P38393	kilR	3
P38489	nfsB	12
P38506	ygdG	11
P39099	degQ	20
P39172	znuA	13
P39176	erfK	17
P39177	uspG	7
P39180	flu	41
P39276	dtpC	5
P39277	yjeH	7
P39286	rsgA	18
P39301	ulaA	11
P39304	ulaD	13
P39315	qorB	16
P39321	tamB	67
P39325	ytfQ	16
P39344	idnT	7
P39353	nanY	13
P39371	nanM	18
P39377	iadA	19
P39386	mdtM	9
P39396	btsT	20
P39400	lgoD	16
P39405	fhuF	14
P39406	rsmC	20
P39411	yjjX	6
P39414	ttdT	12
P39453	torS	46
P39831	ydfG	10
P39838	rcsD	38
P40191	pdxK	10
P40710	nlpE	13
P40711	arfB	6
P40874	solA	20
P41036	nanT	14
P41052	mltB	13
P41407	azoR	11
P41409	rihA	10
P42588	patA	20
P42593	fadH	33
P42601	alx	10
P42620	yqjG	17
P42632	tdcE	41
P42641	obgE	17
P43341	lpxH	12
P43671	pqiB	27
P43672	uup	34
P45395	kdsD	15
P45424	nanQ	3
P45425	nanK	11
P45464	lpoA	31
P45470	yhbO	9
P45475	ubiV	14
P45508	yfaL	22
P45527	ubiU	16
P45541	frlC	10
P45562	xapB	8
P45563	xapA	14
P45568	dxr	20
P45577	proQ	13
P45748	tsaC	9
P45955	cpoB	10
P45956	ygbF	5
P46022	mtgA	14
P46136	yddG	1
P46139	dgcN	15
P46849	rtcA	18
P46850	rtcB	24
P46883	tynA	36
P46889	ftsK	45
P46891	cof	18
P50456	mlc	19
P50457	puuE	18
P50465	nei	14
P52006	nudI	5
P52061	rdgB	9
P52073	glcE	18
P52074	glcF	22
P52101	glrK	24
P52106	csgD	15
P52126	abpB	40
P52129	rnlA	13
P52643	ldhA	14
P54745	mngA	18
P55135	rlmD	22
P55734	ygaP	8
P56100	cydX	0
P56580	srlE	12
P56976	blr	0
P60061	adiC	10
P60240	rapA	52
P60340	truB	14
P60422	rplB	15
P60438	rplC	14
P60472	ispU	7
P60560	guaC	15
P60584	caiA	20
P60595	hisH	10
P60624	rplX	6
P60651	speB	12
P60664	hisF	16
P60716	lipA	17
P60720	lipB	11
P60723	rplD	10
P60752	msbA	27
P60785	lepA	26
P60844	aqpZ	1
P60955	lgt	12
P61175	rplV	5
P61316	lolA	13
P61320	lolB	15
P61887	rffH	14
P61889	mdh	14
P62395	secM	6
P62399	rplE	10
P62552	ccdA	4
P62554	ccdB	5
P62617	ispF	7
P62620	ispG	24
P62623	ispH	18
P62707	gpmA	13
P63020	nfuA	6
P63183	kup	27
P63224	gmhA	12
P63228	gmhB	9
P63235	gadC	11
P63284	clpB	50
P63386	mlaF	12
P63389	yheS	35
P63883	amiC	24
P64423	zntB	10
P64461	lsrG	8
P64467	cnu	6
P64483	proXp-y	9
P64512	mgrB	0
P64524	cbtA	7
P64534	rcnB	6
P64588	yqjI	11
P64594	yhaV	7
P64596	dolP	10
P64602	mlaB	4
P64604	mlaD	11
P64606	mlaE	10
P64612	zapE	19
P64636	yrfG	9
P65870	queD	9
P66817	diaA	9
P66899	ygeX	17
P66948	bepA	20
P67095	yfcE	6
P67430	nemR	13
P67444	xanQ	10
P67603	yqfB	6
P67910	hldD	19
P68183	malG	9
P68187	malK	18
P68191	sra	3
P68398	tadA	9
P68688	grxA	4
P68699	atpE	3
P68739	nfi	13
P68767	pepA	24
P68919	rplY	6
P69054	sdhC	5
P69210	mdtI	4
P69212	mdtJ	4
P69228	baeR	15
P69346	yefM	5
P69348	yoeB	4
P69380	fieF	11
P69411	rcsF	8
P69423	tatC	4
P69425	tatB	10
P69428	tatA	5
P69441	adk	16
P69451	fadD	22
P69490	ccmE	10
P69681	amtB	5
P69739	hyaA	13
P69741	hybO	13
P69776	lpp	5
P69783	crr	9
P69786	ptsG	16
P69791	chbA	7
P69795	chbB	6
P69797	manX	17
P69801	manY	3
P69805	manZ	13
P69831	gatC	9
P69853	dmsD	10
P69856	nanC	12
P69874	potA	21
P69902	frc	21
P69908	gadA	21
P69910	gadB	21
P69913	csrA	2
P69922	fucI	25
P69924	nrdB	19
P69931	hda	12
P75682	yagE	11
P75691	yahK	17
P75792	ybiV	13
P75804	yliI	18
P75809	ybjI	13
P75820	amiD	13
P75825	hcp	27
P75830	macA	21
P75831	macB	29
P75862	zapC	8
P75863	ycbX	20
P75864	rlmL	41
P75876	rlmI	17
P75892	rutG	10
P75898	rutA	21
P75906	pgaB	33
P75908	dgcT	19
P75913	ghrA	18
P75914	ycdX	16
P75949	nagZ	17
P75957	lolD	11
P75959	nagK	9
P75960	cobB	12
P75990	bluF	21
P76008	ldcA	15
P76010	ycgR	13
P76014	dhaL	12
P76015	dhaK	17
P76037	puuP	11
P76038	puuD	7
P76045	ompG	16
P76055	ttcA	20
P76077	paaA	13
P76081	paaE	17
P76082	paaF	9
P76084	paaI	3
P76104	rlhA	31
P76108	ydcS	24
P76113	curA	14
P76129	dosP	34
P76141	lsrR	16
P76149	sad	23
P76194	sufE	8
P76216	astB	20
P76217	astD	14
P76236	cdgI	21
P76251	dmlA	21
P76256	tsaB	10
P76257	yoaA	37
P76264	mntP	8
P76272	letB	39
P76273	rsmF	18
P76278	yebZ	7
P76316	dcyD	14
P76318	yedK	15
P76330	dgcQ	27
P76334	drpB	4
P76339	hprS	25
P76341	hiuH	4
P76342	msrP	19
P76343	msrQ	5
P76344	zinT	7
P76346	mtfA	6
P76364	cbeA	6
P76387	wzc	37
P76399	mdtC	40
P76407	yegS	13
P76422	thiD	14
P76440	preT	23
P76445	lpxT	8
P76458	atoD	11
P76459	atoA	6
P76469	rhmA	7
P76474	arnF	3
P76491	yfbR	11
P76503	fadI	24
P76535	murQ	15
P76541	eutL	6
P76558	maeB	37
P76562	tmcA	27
P76576	yfgM	12
P76577	pbpC	42
P76594	patZ	38
P76621	glaH	18
P76632	casB	13
P76658	hldE	26
P77044	mhpC	18
P77150	pdxY	13
P77165	paoA	10
P77172	pdeF	26
P77173	zipA	6
P77182	mnmC	28
P77202	dsbG	17
P77211	cusC	21
P77212	rclA	22
P77214	cusF	4
P77215	rhmD	13
P77218	eutD	16
P77239	cusB	22
P77243	prpD	26
P77247	hxpB	15
P77256	ydjG	18
P77258	nemA	22
P77302	dgcM	22
P77319	hscC	27
P77324	paoB	17
P77335	hlyE	15
P77348	mppA	30
P77364	glxK	16
P77366	ycjU	9
P77395	cnoX	12
P77398	arnA	36
P77399	fadJ	37
P77425	allC	25
P77434	alaC	23
P77444	sufS	18
P77454	glsA1	8
P77455	paaZ	25
P77485	cusS	25
P77488	dxs	24
P77489	paoC	34
P77493	ydjH	14
P77499	sufC	15
P77510	dpiB	29
P77526	yfcG	10
P77529	tcyP	13
P77541	prpB	14
P77555	allD	17
P77567	nhoA	17
P77581	astC	23
P77589	mhpT	9
P77625	hxpA	10
P77649	selO	24
P77667	sufA	7
P77671	allB	23
P77674	patD	22
P77712	fadM	6
P77718	thiI	27
P77748	ydiJ	53
P77754	spy	9
P77766	rnm	12
P77774	bamB	17
P77781	menI	5
P77788	nudG	4
P77791	maa	9
P77806	ybdL	12
P78055	fsaA	10
P78061	puuA	14
P80645	ssuD	15
P80668	feaB	20
Q06065	atoC	27
Q06067	atoS	30
Q46806	hyuA	24
Q46810	mocA	7
Q46821	uacT	9
Q46822	idi	8
Q46839	glcA	11
Q46845	yghU	13
Q46851	gpr	20
Q46856	yqhD	18
Q46857	dkgA	19
Q46864	mqsA	8
Q46865	mqsR	5
Q46868	ubiK	7
Q46871	yqjH	12
Q46877	norV	23
Q46893	ispD	15
Q46896	ygbT	12
Q46897	casE	9
Q46898	casD	13
Q46899	casC	19
Q46901	casA	23
Q46920	queF	14
Q46925	csdA	15
Q46927	tcdA	13
Q46938	kduI	15
Q46948	yajL	8
Q47146	fadE	36
Q47149	yafQ	5
Q47150	dinJ	6
Q47152	rayT	7
Q47155	dinB	18
Q47208	allF	18
Q47319	tapT	8
Q47377	arnE	4
Q57261	truD	20
Q59385	copA	32
Q6BF16	dgoA	7
Q6BF17	dgoD	17
Q93K97	nudF	11
A5A627	tisB	2
P00547	thrB	13
P00816	cynS	9
P00887	aroH	17
P00888	aroF	18
P00895	trpE	23
P00909	trpC	26
P00934	thrC	20
P00944	xylA	22
P00954	trpS	15
P00961	glyS	40
P02413	rplO	8
P02924	araF	21
P02932	phoE	20
P03024	galR	17
P03817	mioC	5
P04335	frsA	29
P04816	livK	19
P04951	kdsB	16
P05100	tag	6
P05459	pdxB	23
P05706	srlB	7
P05707	srlD	12
P05719	hsdS	28
P05847	ttdA	16
P06720	melA	17
P06864	ebgA	43
P06960	argF	14
P06986	hisC	20
P06987	hisB	15
P06989	hisI	6
P07018	tap	24
P07023	tyrA	22
P07109	hisP	10
P07364	cheR	14
P07650	deoA	26
P07762	glgB	33
P07813	leuS	47
P08142	ilvB	22
P08178	purM	11
P08189	fimF	5
P08190	fimG	5
P08194	glpT	15
P08204	araB	22
P08331	cpdB	35
P08365	chpS	4
P08368	creB	11
P08401	creC	24
P08722	bglF	12
P08957	hsdM	32
P09053	avtA	15
P09130	traD	36
P09151	leuA	28
P09184	vsr	9
P09378	rhaR	14
P09549	dedD	10
P09551	argT	16
P09833	modC	18
P09836	uhpC	11
P0A6A6	leuC	22
P0A6C5	argA	20
P0A6E9	bioD2	9
P0A6I3	coaA	17
P0A6I9	coaE	8
P0A6J8	ddlA	17
P0A6L9	hscB	8
P0A6S3	flgI	15
P0A6T9	gcvH	2
P0A6U8	glgA	15
P0A6V8	glk	15
P0A6W9	gshA	24
P0A6Z1	hscA	29
P0A734	minE	7
P0A752	nadD	5
P0A756	kefG	10
P0A766	rsxA	6
P0A780	nusB	8
P0A7A5	pcm	10
P0A7D7	purC	13
P0A7F3	pyrI	10
P0A7H3	recO	8
P0A7I0	prfA	24
P0A7N1	ykgM	5
P0A7Q1	rpmI	1
P0A7Q6	rpmJ1	1
P0A7Y8	rnpA	7
P0A805	frr	11
P0A843	tatE	5
P0A877	trpA	15
P0A881	trpR	6
P0A8A4	ppsR	13
P0A8A8	rimP	6
P0A8F4	udk	13
P0A8H8	yacG	4
P0A8P1	aat	15
P0A8Q6	clpS	7
P0A8U6	metJ	5
P0A8W2	slyA	7
P0A8Z3	ybgC	8
P0A908	mipA	11
P0A927	tsx	10
P0A996	glpC	26
P0A9C3	galM	14
P0A9D4	cysE	12
P0A9E2	soxS	4
P0A9F1	mntR	9
P0A9F3	cysB	18
P0A9H1	mug	10
P0A9I1	citE	18
P0A9I5	napD	2
P0A9L5	ppiC	7
P0A9L8	proC	8
P0A9P9	idnO	14
P0A9R4	fdx	7
P0A9S3	gatD	12
P0A9U1	ybhF	28
P0A9U3	ybiT	28
P0A9W0	ulaR	13
P0A9W6	ibaG	3
P0A9X1	znuC	12
P0AA39	rluC	20
P0AA53	qmcA	15
P0AA57	yobA	2
P0AA60	yghB	6
P0AA63	yqjA	7
P0AA67	rhtA	3
P0AA80	garP	12
P0AA86	dsbE	6
P0AAA7	wzxE	14
P0AAC0	uspE	17
P0AAD2	mtr	4
P0AAD4	tyrP	5
P0AAF3	araG	24
P0AAF6	artP	7
P0AAG5	mdlB	29
P0AAG8	mglA	34
P0AAH8	sapF	16
P0AAI9	fabD	13
P0AAJ8	hybA	20
P0AAK1	hycB	10
P0AAL0	napF	5
P0AAL3	napG	15
P0AAN9	iraP	4
P0AAP1	dgcC	16
P0AAS3	ybbJ	3
P0AAS5	allH	10
P0AB01	elyC	13
P0AB10	pqiC	7
P0AB18	tusE	5
P0AB24	efeO	24
P0AB40	bhsA	4
P0AB65	yccX	6
P0AB67	pntB	13
P0ABA0	atpF	10
P0ABA4	atpH	10
P0ABC9	betT	17
P0ABE9	cynT	12
P0ABF4	eutM	6
P0ABF8	pgsA	6
P0ABL1	nrfB	10
P0ABM1	ccmC	6
P0ABP3	dcuC	11
P0ABQ2	garR	15
P0ABR5	hcaE	23
P0ABR7	yeaW	19
P0ABT5	dusB	20
P0ABT8	yijE	9
P0ABU5	elbB	9
P0ABW0	hcaC	2
P0ABZ4	kdsC	8
P0AC28	ygfA	8
P0AC51	zur	8
P0AC62	grxC	5
P0AC86	glgP	39
P0AC94	gntP	9
P0ACA3	sspA	10
P0ACA7	gstB	13
P0ACG4	hokC	3
P0ACH5	marA	8
P0ACI6	asnC	10
P0ACL5	glcC	14
P0ACL7	lldR	14
P0ACP1	cra	16
P0ACQ0	rbsR	12
P0ACS2	soxR	9
P0ACS5	zntR	8
P0ACU0	cecR	11
P0ACU2	rutR	12
P0ACU5	fabR	12
P0ACV2	lpxP	16
P0ACV4	lapA	2
P0ACZ8	cusR	10
P0AD01	dcuR	12
P0AD03	letA	14
P0AD42	pgpC	9
P0AD96	livJ	15
P0ADA3	nlpD	11
P0ADC3	lolC	16
P0ADC6	lptG	18
P0ADD2	yjjB	4
P0ADD5	yjjP	10
P0ADE6	kbp	12
P0ADF6	edd	24
P0ADF8	ilvN	6
P0ADG1	ilvM	5
P0ADN6	lptM	4
P0ADP5	bioP	6
P0ADP7	ubiJ	8
P0ADQ2	fabY	15
P0ADR6	rlmM	19
P0ADU2	ygiN	6
P0ADV7	mlaC	13
P0ADW3	zapG	9
P0AE76	cobU	6
P0AE78	corC	16
P0AEA2	csgG	14
P0AEA5	cyoE	4
P0AEB5	ynaI	10
P0AED0	uspA	5
P0AED5	uvrY	13
P0AEE1	dcrB	9
P0AEF4	dpiA	11
P0AEF8	dppB	6
P0AEG1	dppC	6
P0AEH5	elaB	5
P0AEI4	rimO	22
P0AEI6	nudJ	10
P0AEJ0	emrB	6
P0AEJ8	eutN	3
P0AEL6	fepB	10
P0AEM0	fkpB	6
P0AEQ3	glnH	15
P0AER3	gltJ	9
P0AER5	gltK	12
P0AER8	gltS	11
P0AEU0	hisJ	15
P0AEV9	hycI	7
P0AEZ7	mltD	21
P0AEZ9	moaB	10
P0AF01	modB	10
P0AF03	mog	8
P0AF26	narJ	13
P0AF98	lptF	13
P0AFA9	nikC	8
P0AFH2	oppB	9
P0AFH6	oppC	6
P0AFI5	pbpG	20
P0AFJ5	phoB	9
P0AFK4	potB	10
P0AFK6	potC	5
P0AFK9	potD	14
P0AFL1	potI	6
P0AFL9	pqiA	13
P0AFP2	atl	8
P0AFP9	ybhR	12
P0AFQ2	ybhS	11
P0AFR7	ycjO	10
P0AFR9	ydcV	8
P0AFS5	tqsA	8
P0AFT5	btsR	14
P0AFU8	ribC	11
P0AFW4	rnk	6
P0AFX4	rsd	5
P0AFY2	sanA	11
P0AFZ7	trkH	7
P0AG00	wzzE	18
P0AG03	ubiX	10
P0AG20	relA	39
P0AG40	ribF	16
P0AG44	rplQ	6
P0AG48	rplU	6
P0AG51	rpmD	4
P0AG76	sbcD	19
P0AG78	sbp	19
P0AG82	pstS	21
P0AGA6	uhpA	9
P0AGC5	mltF	28
P0AGG4	trxC	8
P0AGH3	sapB	8
P0AGH5	sapC	7
P0AGK8	iscR	10
P0AGL2	tdcF	6
P0AGL5	ratA	7
P0AGL7	rsmE	12
P0AGM9	xanP	5
P0C066	mltC	15
P0C0L9	iscX	3
P0C0U4	rimK	16
P0C7L2	paaJ	20
P0C8J6	gatY	13
P0C960	emtA	11
P0CI31	hcaB	11
P0DKB3	mntS	2
P0DMC9	rcsA	10
P0DP92	bcsQ	14
P0DW56	spfP	1
P10100	rlpA	11
P10151	leuO	16
P10346	glnQ	8
P10384	fadL	13
P10441	lpxB	21
P10442	rnhB	11
P11868	tdcD	19
P13016	ampD	7
P13033	glpB	15
P13656	chiA	33
P13669	mngR	11
P13857	rimL	7
P15031	fecE	14
P15032	recE	36
P15038	helD	44
P15078	cstA	18
P16095	sdaA	17
P16256	panF	10
P16429	hycC	13
P16430	hycD	7
P16431	hycE	29
P16432	hycF	9
P16433	hycG	10
P16676	cysA	21
P16678	phnK	14
P16679	phnL	12
P16685	phnG	11
P16691	phnO	7
P16700	cysP	23
P17315	cirA	34
P17334	chbC	8
P17446	betI	13
P17802	mutY	13
P18133	pncB	25
P18392	rstB	20
P18777	dmsC	7
P19323	fhlA	36
P19642	malX	14
P20099	bisC	34
P21169	speC	29
P21189	polB	43
P21369	pncA	7
P21517	malZ	32
P21866	kdpE	15
P21889	aspS	35
P22186	mraZ	8
P22524	mukE	13
P22564	rihC	8
P22939	ispA	13
P23173	tnaB	7
P23200	mglC	6
P23331	tdk	11
P23482	hyfB	22
P23484	fecI	10
P23485	fecR	17
P23524	garK	16
P23849	trkG	11
P23869	ppiB	8
P23871	hemH	15
P23876	fepD	11
P23877	fepG	10
P23878	fepC	14
P23917	mak	15
P24077	entS	5
P24169	speF	36
P24180	acrE	23
P24197	ygiD	8
P24216	fliD	22
P24251	crl	8
P24255	rpoN	14
P24555	ptrB	27
P25396	tehA	6
P25736	endA	12
P25742	waaQ	17
P25746	hflD	11
P25798	fliF	32
P25906	pdxI	13
P26218	bglH	31
P26281	folK	6
P26646	acuI	14
P26647	plsC	9
P27129	waaJ	17
P27241	waaZ	14
P27245	marR	8
P27247	plsX	15
P27248	gcvT	15
P27253	scpA	37
P27254	argK	21
P27298	prlC	34
P27300	lpxK	16
P27305	gluQ	18
P27896	narQ	30
P28224	mliC	7
P28304	qorA	18
P28307	csgA	2
P28634	trmO	10
P28635	metQ	14
P28904	treC	24
P29208	menC	14
P29680	hemE	15
P30126	leuD	10
P30136	thiC	31
P30137	thiE	10
P30843	basR	8
P30845	eptA	19
P30860	artJ	14
P30871	ygiF	20
P31058	yadC	12
P31434	yicI	36
P31441	ade	25
P31467	yieH	9
P31675	setA	10
P31680	djlA	15
P31697	fimC	15
P31801	chaA	6
P32053	intA	24
P32125	mobB	8
P32129	yihG	13
P32136	yihO	13
P32141	yihT	17
P32144	csqR	18
P32166	menA	7
P32669	fsaB	12
P32670	ptsA	37
P32715	mdtO	27
P32716	mdtN	20
P32718	alsK	14
P32721	alsA	31
P33012	sbmC	3
P33026	setB	6
P33030	yeiR	18
P33129	htrE	36
P33229	ralR	5
P33358	mlrA	12
P33359	yehW	2
P33360	yehX	15
P33361	yehY	12
P33363	bglX	43
P33590	nikA	25
P33591	nikB	7
P33915	yejE	11
P33927	ccmF	20
P33931	ccmA	8
P33934	napH	8
P33940	mqo	26
P33941	yojI	21
P36560	asr	1
P36662	torD	9
P36672	treB	10
P36673	treR	15
P36767	rdgC	15
P36938	pgm	26
P36999	rlmA	13
P37146	nrdF	12
P37194	slp	8
P37338	glaR	16
P37339	lhgD	23
P37355	menH	9
P37387	xylF	15
P37388	xylG	32
P37596	norW	20
P37619	yhhQ	7
P37621	yhhS	9
P37631	rdsA	18
P37636	mdtE	21
P37639	gadX	16
P37646	pdeH	11
P37647	kdgK	9
P37651	bcsZ	23
P37657	bcsE	25
P37661	eptB	25
P37664	yiaC	7
P37665	yiaD	8
P37669	wecH	13
P37671	plaR	17
P37674	yiaM	7
P37675	yiaN	7
P37676	yiaO	15
P37678	sgbH	8
P37680	sgbE	9
P37692	waaF	17
P37759	rfbB	21
P37760	rfbD	11
P37765	rluB	15
P38101	eamB	3
P38134	etk	38
P38684	torR	11
P39196	lplT	8
P39199	prmB	9
P39280	epmB	16
P39288	queG	18
P39300	ulaG	19
P39306	ulaF	10
P39310	ytfB	8
P39333	bdcA	15
P39352	nanX	11
P39358	yjhG	25
P39375	iraD	5
P39376	yjiE	15
P39394	symE	6
P39398	lgoT	14
P39401	mdoB	33
P39404	bglJ	14
P39451	adhP	17
P39452	nrdE	38
P39829	garD	26
P39835	gntT	15
P40120	mdoD	29
P40719	qseC	24
P42592	ygjK	36
P42604	uxaA	22
P42615	mzrA	5
P42628	dlsT	12
P43329	hrpA	80
P43674	ycaL	10
P43676	pitB	9
P45522	kefB	20
P45523	fkpA	14
P45532	tusD	4
P45543	frlD	9
P45548	php	17
P45578	luxS	8
P45579	hcxA	13
P45758	gspD	22
P45799	nudE	10
P46130	ybhC	12
P46133	abgT	16
P46187	rseC	5
P46474	yhdP	65
P46852	yhhW	11
P46923	torZ	40
P50466	aer	25
P51020	mhpE	14
P51025	frmB	13
P51981	ycjG	12
P52005	torY	20
P52045	scpB	12
P52062	hemW	14
P52094	hisQ	7
P52095	ldcC	28
P52097	tilS	19
P52130	rnlB	8
P52599	emrK	24
P52600	emrY	10
P52612	fliI	26
P52645	ydbH	43
P52647	ydbK	56
P52697	pgl	14
P55798	pphA	10
P55799	pphB	9
P58034	ymgF	0
P60293	mukF	31
P60390	rsmH	13
P60546	gmk	9
P60757	hisG	16
P60782	plsY	5
P60906	hisS	25
P60932	uppP	12
P61517	can	10
P61714	ribE	6
P61949	fldA	7
P62601	treF	26
P62615	ispE	14
P63177	rlmB	9
P63201	gadW	13
P63746	eutS	6
P64426	digH	25
P64506	yebY	3
P64550	alaE	3
P64554	queE	12
P64559	sdhE	2
P64578	higB	6
P64581	yqjD	4
P64646	ghoT	2
P65643	eutT	12
P67080	yggS	13
P67662	aaeR	16
P67697	hicB	4
P67701	higA	5
P68066	grcA	10
P68567	rsmJ	10
P68679	rpsU	3
P69222	infA	3
P69330	citD	8
P69432	pgaD	4
P69434	pgaA	46
P69488	cutA	4
P69503	apt	10
P69506	ytfE	12
P69811	fruB	18
P69820	ulaC	5
P69822	ulaB	5
P69828	gatA	9
P69829	ptsN	7
P69937	gdx	4
P71229	hyfR	30
P71241	wcaJ	17
P75713	allE	8
P75726	citF	23
P75728	ubiF	14
P75780	fiu	33
P75783	ybiO	27
P75796	gsiA	36
P75797	gsiB	24
P75798	gsiC	10
P75800	pdeI	43
P75801	dgcI	21
P75823	ltaE	18
P75824	hcr	16
P75849	gloC	8
P75869	sxy	12
P75893	rutF	9
P75894	rutE	13
P75895	rutD	3
P75897	rutB	6
P75905	pgaC	18
P75915	ycdY	9
P75919	clsC	27
P75952	comR	11
P75954	ycfS	20
P75958	lolE	14
P75966	rluE	11
P75987	iraM	7
P75989	bluR	13
P75993	ariR	5
P76004	ycgM	9
P76016	dhaR	30
P76027	oppD	20
P76041	ycjM	20
P76042	ycjN	22
P76043	ycjQ	14
P76044	ycjR	18
P76052	abgB	20
P76079	paaC	13
P76083	paaH	22
P76085	paaK	20
P76086	paaX	16
P76091	ynbB	7
P76106	hicA	2
P76112	mnaT	5
P76115	pqqU	34
P76136	safA	2
P76143	lsrF	17
P76145	tam	8
P76147	dgcF	11
P76182	rsxD	5
P76190	mepH	13
P76192	ydhV	38
P76193	ynhG	11
P76213	cho	15
P76234	yeaE	9
P76237	dgcJ	26
P76242	nimT	6
P76245	dgcP	18
P76250	dmlR	20
P76290	cmoA	15
P76291	cmoB	19
P76340	hprR	14
P76347	yeeJ	77
P76350	shiA	9
P76352	yeeO	13
P76373	ugd	24
P76395	pphC	6
P76397	mdtA	19
P76398	mdtB	36
P76403	trhP	25
P76423	thiM	8
P76425	rcnA	6
P76472	arnD	13
P76473	arnT	24
P76518	yfdE	21
P76524	ypdF	19
P76536	yfeX	17
P76553	eutG	11
P76578	yfhM	83
P76641	guaD	25
P76773	ompL	13
P76938	epmC	6
P77129	allG	22
P77154	ycjT	33
P77161	glxR	13
P77171	ydcI	18
P77223	rsxB	8
P77245	murR	17
P77257	lsrA	29
P77272	murP	9
P77279	fetA	14
P77285	rsxG	10
P77300	xynR	16
P77304	dtpA	13
P77306	yqiK	30
P77333	pgrR	10
P77334	pdeR	32
P77338	mscK	55
P77357	abgA	16
P77359	djlC	25
P77374	ynfE	39
P77379	rclR	16
P77397	mhpA	22
P77439	fryA	34
P77467	paaG	13
P77475	yqaB	9
P77481	ycjV	19
P77503	ycjS	17
P77522	sufB	25
P77544	yfcF	13
P77570	anmK	13
P77580	mhpF	10
P77608	mhpD	11
P77611	rsxC	38
P77615	ycjW	12
P77619	yfeW	21
P77626	sutR	6
P77650	hcaD	18
P77690	arnB	15
P77704	ydjI	12
P77716	ycjP	6
P77731	allA	10
P77733	focB	2
P77735	yajO	17
P77737	oppF	21
P77743	prpR	23
P77747	ompN	17
P77756	queC	11
P77757	arnC	11
P77783	ynfF	40
P77790	ddpX	7
P78285	rrrD	9
P80644	ssuE	10
Q2EES9	torI	2
Q46799	xdhA	33
Q46800	xdhB	17
Q46817	ghxQ	7
Q46829	bglA	26
Q46855	yqhC	14
Q46915	gudX	20
Q46916	gudP	11
Q47140	hcaF	11
Q47141	hcaR	10
Q47157	yafO	5
Q47538	tauB	14
Q47690	mmuM	13
A5A618	ynhF	1
C1P607	ibsA	1
C1P615	ibsC	1
C1P616	ibsD	1
C1P617	ibsE	1
O32528	ypdI	4
O52982	yfjS	8
P00960	glyQ	12
P03012	tnpR	8
P03014	pinE	12
P03030	lysR	15
P03813	ygeA	15
P03825	gspB	7
P03856	repE	16
P04128	fimA	4
P04846	nlpA	12
P04949	fliC	23
P05052	appY	15
P05827	ilvY	10
P06282	cdh	16
P06615	resD	14
P06846	ebgR	15
P07000	pldB	19
P07654	pstA	8
P08550	cvpA	7
P08555	dsdX	11
P08997	aceB	27
P09126	hemD	13
P09155	rnd	18
P09163	yjaB	7
P09424	mtlD	19
P0A6G3	pncC	8
P0A6G5	citX	10
P0A6L7	uxaB	25
P0A6P7	engB	11
P0A6S0	flgH	10
P0A6W0	glsA2	17
P0A6W5	greA	11
P0A7A2	gpmB	11
P0A7C6	pepE	8
P0A7H6	recR	9
P0A7P5	rpmH	1
P0A823	sfsA	11
P0A867	talA	22
P0A8B5	ybaB	7
P0A8C8	yidD	6
P0A8D0	nrdR	8
P0A8G3	uxaC	33
P0A8I3	yaaA	14
P0A8P3	yggX	8
P0A8R9	hdfR	14
P0A8S5	uspB	6
P0A8U0	syd	7
P0A8Z0	yciA	6
P0A901	blc	14
P0A915	ompW	8
P0A917	ompX	7
P0A930	wza	17
P0A932	gfcE	18
P0A9E9	yeiL	14
P0A9F6	gcvA	17
P0A9F9	metR	15
P0A9G2	nhaR	15
P0A9H5	btuR	11
P0A9I3	gcvR	8
P0A9I8	nirD	3
P0A9N0	ptsO	5
P0A9T4	tas	13
P0A9U6	puuR	7
P0AA73	yhbE	6
P0AA82	codB	5
P0AAB2	wzb	8
P0AAB6	galF	13
P0AAB8	uspD	4
P0AAE2	proY	9
P0AAG3	gltL	9
P0AAI1	ssuB	11
P0AAJ1	ynfG	10
P0AAK7	nrfC	12
P0AAR0	tomB	5
P0AAS7	ybcJ	6
P0AAV4	pxpB	6
P0AAX6	mcbA	1
P0AAY6	ybjN	3
P0AB20	hspQ	1
P0AB28	yceD	6
P0AB33	bssS	5
P0AB93	arsB	10
P0AB96	arsC	8
P0ABC0	atpI	7
P0ABD1	yeaV	9
P0ABE2	bolA	5
P0ABH4	mreD	2
P0ABL5	napC	10
P0ABL8	ccmB	2
P0ABM5	ccmD	1
P0ABM9	ccmH	19
P0ABP6	dedA	4
P0ABW3	yfaE	3
P0ABW5	sfmA	1
P0ABW9	flgB	6
P0ABX2	flgC	7
P0ABX5	flgG	8
P0ABX8	fliL	9
P0AC05	fliP	7
P0AC07	fliQ	3
P0AC26	nirC	6
P0AC35	ttdB	10
P0AC59	grxB	13
P0AC65	nrdH	5
P0AC92	gnsA	3
P0AC96	gntU	11
P0ACA1	yibF	10
P0ACH8	melR	14
P0ACI0	rob	13
P0ACJ5	decR	10
P0ACK2	agaR	13
P0ACK5	deoR	8
P0ACK8	fucR	10
P0ACL0	glpR	11
P0ACL2	exuR	15
P0ACL9	pdhR	8
P0ACM5	ggaR	14
P0ACP5	gntR	17
P0ACQ7	tdcA	14
P0ACR0	allS	16
P0ACR2	punR	15
P0ACR4	yeiE	13
P0ACS7	rpiR	14
P0ACT2	envR	11
P0ACT6	uidR	12
P0ACX3	ydhR	5
P0ACX5	fumD	3
P0ACY1	ydjA	9
P0ACZ2	etp	9
P0AD89	tnaC	2
P0ADB4	ecnA	3
P0ADB7	ecnB	2
P0ADD7	yjjQ	14
P0ADE8	ygfZ	17
P0ADH5	fimB	11
P0ADH7	fimE	11
P0ADI0	pinR	11
P0ADQ7	ygaM	6
P0ADT5	ygiC	20
P0ADU5	ygiW	6
P0ADW6	yhcC	15
P0ADX9	rsmD	9
P0ADZ7	yajC	4
P0AE26	araH	9
P0AE30	artM	8
P0AE34	artQ	6
P0AE37	astA	16
P0AE39	ypdB	13
P0AE45	paeA	17
P0AE56	bfd	4
P0AE60	cedA	5
P0AE95	csgE	4
P0AE98	csgF	5
P0AEB0	cysW	8
P0AEC0	mgpA	15
P0AED9	dcm	27
P0AEK0	exoX	7
P0AEL3	feoA	5
P0AEM4	flgM	5
P0AEP1	galP	7
P0AEQ6	glnP	12
P0AEU3	hisM	11
P0AEW1	hyfE	8
P0AEW4	cpdA	10
P0AEX3	kgtP	9
P0AF08	mrp	13
P0AF10	mtlR	7
P0AF20	nagC	25
P0AF40	yijD	2
P0AF43	yjbB	20
P0AF63	nsrR	8
P0AF96	tabA	8
P0AFA5	nfrB	31
P0AFH0	ogt	9
P0AFJ1	yjdM	5
P0AFK0	pmbA	26
P0AFK2	pnuC	3
P0AFM9	pspB	4
P0AFN2	pspC	5
P0AFQ7	ycfH	15
P0AFR4	yciO	8
P0AFS1	lsrD	4
P0AFV2	yhiD	6
P0AFV8	pspD	4
P0AG14	sohB	18
P0AG34	rhtB	7
P0AG38	rhtC	7
P0AG84	yghA	17
P0AGG8	tldD	20
P0AGH8	pstC	8
P0AGI4	xylH	11
P0AGI8	trkA	19
P0AGJ2	trmH	11
P0AGK4	yhbY	3
P0C8J8	gatZ	17
P0C8K0	kbaZ	19
P0CB39	eptC	29
P0CE44	uidB	10
P0CE45	uidB	10
P0CF88	insI1	21
P0CK95	yghJ	59
P0DP21	yjiP	8
P0DP70	phnE	5
P0DP89	ilvG	11
P10371	hisA	14
P10423	iap	16
P10805	envY	16
P11072	lit	7
P11446	argC	12
P11875	argS	33
P11988	bglB	23
P11989	bglG	17
P12999	bioC	8
P13024	fdhE	17
P15006	mcrC	17
P15070	fliN	3
P15286	flk	18
P15639	purH	31
P15977	malQ	31
P16525	tus	16
P16677	phnC	13
P16682	phnD	18
P16689	phnM	17
P16690	phnN	9
P16701	cysU	7
P17410	chbR	16
P17583	cynX	7
P18310	ssbF	9
P18393	ybdZ	2
P18811	malI	19
P19317	narW	14
P19769	insK	15
P19930	hyaD	7
P20605	fic	11
P21420	nmpC	17
P21515	acpH	11
P21893	recJ	29
P22586	fliO	5
P23839	yicC	19
P23841	xapR	16
P23842	pdeA	30
P23898	nlpC	9
P23910	araJ	7
P24174	manC	24
P24175	manB	27
P24181	acrF	29
P24200	mcrA	15
P24202	mrr	18
P24218	intD	18
P24240	ascB	23
P24241	ascF	15
P24242	ascG	17
P24244	appX	1
P25549	aslA	22
P25741	waaP	15
P25744	mdtG	11
P25748	galS	19
P25772	ligB	35
P25960	gspO	4
P26266	fepE	21
P26365	amiB	20
P26612	amyA	19
P26649	glgS	3
P27111	cynR	17
P27126	waaS	20
P27127	waaB	18
P27240	waaY	9
P27242	waaU	22
P27832	wecD	12
P27835	wzyE	16
P27836	wecG	16
P27862	yigZ	11
P28249	asmA	29
P28638	yhdJ	15
P29012	dadX	17
P30128	greB	9
P30130	fimD	33
P30149	yabI	6
P30235	psuK	8
P30744	sdaB	16
P30859	artI	14
P31060	modF	23
P31068	fliH	12
P31122	sotB	9
P31125	eamA	5
P31126	ydeE	7
P31436	setC	10
P31440	adeQ	8
P31442	emrD	4
P31452	glvC	7
P31459	dgoK	14
P31462	mdtL	7
P31474	hsrA	10
P31548	thiQ	12
P31549	thiP	15
P31574	fixB	14
P31600	nfrA	62
P31665	rpnC	12
P31802	narP	9
P31825	yfiC	9
P31826	yddA	28
P31828	pqqL	55
P32137	yihP	11
P32154	frvB	12
P32672	frwC	9
P32675	pflC	16
P32676	frwD	6
P32696	pspG	1
P32701	pdeC	31
P32710	nrfE	19
P32711	nrfF	4
P32714	mdtP	25
P32720	alsC	4
P33014	tsuB	1
P33021	nupX	13
P33024	psuT	13
P33128	yadV	11
P33135	fliR	2
P33136	mdoG	25
P33222	yjfC	21
P33228	recT	13
P33230	rcbA	3
P33340	yehA	11
P33341	yehB	37
P33342	yehC	13
P33343	yehD	7
P33362	yehZ	16
P33369	mdtQ	23
P33593	nikD	15
P33594	nikE	13
P33595	sgrR	31
P33596	recX	8
P33790	traG	50
P33920	yejK	17
P34210	ompP	18
P34749	hofQ	20
P36561	cobS	8
P36562	cobT	11
P36647	ppdD	5
P36659	cbpA	14
P36667	wbbL	12
P36678	gspM	4
P36771	lrhA	12
P36879	yadG	17
P36995	cspB	5
P37005	lasT	14
P37009	fbpC	11
P37016	yadK	5
P37017	yadL	4
P37018	yadM	10
P37024	hrpB	43
P37047	cdaR	24
P37050	yadN	10
P37127	aegA	29
P37147	fxsA	3
P37180	hybB	9
P37182	hybD	9
P37195	dctR	8
P37309	arsR	7
P37326	intS	18
P37590	pmrD	3
P37623	acpT	3
P37645	yhjG	34
P37649	pdeK	32
P37652	bcsB	39
P37662	yhjX	11
P37679	sgbU	12
P37746	rfbX	12
P37749	wbbI	18
P37757	yddE	11
P37766	ydiF	21
P37772	yjfF	8
P37906	puuB	23
P37908	yfjD	16
P38035	rtcR	32
P38052	sfmF	4
P38521	yggL	6
P38683	torT	18
P39160	uxuB	20
P39163	chaC	10
P39173	yeaD	12
P39206	caiE	7
P39208	idnK	12
P39265	alsB	19
P39267	rdcB	18
P39285	mscM	52
P39297	bsmA	4
P39298	yjfP	11
P39305	ulaE	15
P39328	ytfT	8
P39334	bdcR	8
P39346	idnD	15
P39347	intB	24
P39359	yjhH	15
P39362	sgcE	8
P39365	sgcC	10
P39370	nanS	10
P39380	kptA	13
P39399	lgoR	17
P39408	yjjV	13
P39409	yjjW	14
P39410	yjjJ	17
P39830	ybaL	20
P39832	znuB	4
P39902	sprT	8
P40876	ycbF	12
P41441	gspF	21
P41442	gspG	2
P41443	gspH	4
P42596	rlmG	18
P42624	yhaK	16
P42626	yhaM	17
P42630	tdcG	14
P42640	yhbX	20
P42904	agaV	7
P42905	agaW	1
P42907	agaS	13
P42909	agaB	7
P42910	agaC	5
P42911	agaD	9
P42912	agaI	16
P42913	yraH	6
P42914	yraI	14
P42915	yraJ	32
P43319	yraK	16
P43337	nudL	9
P45428	dcuD	9
P45463	ttdR	21
P45530	tusB	6
P45531	tusC	5
P45539	frlA	10
P45544	frlR	13
P45565	ais	9
P45750	hofP	6
P45751	hofO	6
P45753	hofM	16
P45756	gspA	26
P45759	gspE	21
P45760	gspI	7
P45761	gspJ	6
P45762	gspK	16
P45763	gspL	13
P45766	yhdW	20
P45767	yhdX	13
P45768	yhdY	15
P45769	yhdZ	15
P45800	yrfF	26
P46068	dsdC	13
P46118	hexR	13
P46481	aaeB	27
P46482	aaeA	15
P46837	yhgF	45
P46846	gntX	15
P46854	aaaT	10
P46859	gntK	7
P46888	uspC	8
P52037	ygfF	9
P52043	scpC	25
P52067	fsr	7
P52076	qseB	12
P52086	cobC	7
P52102	yfhL	6
P52108	rstA	13
P52119	ratB	7
P52127	abpA	33
P52143	ypjA	42
P52613	fliJ	11
P52614	fliK	11
P52627	fliZ	8
P54746	mngB	46
P56258	wecF	21
P56579	srlA	6
P60566	fixA	7
P60778	tsgA	3
P62517	mdoH	37
P63204	gadE	13
P63417	yhbS	6
P64448	ynbE	5
P64453	ortT	2
P64530	rcnR	6
P64599	ubiT	12
P64634	hofN	11
P64638	feoC	3
P65367	yqcA	5
P65556	yfcD	7
P67087	rsmI	17
P69367	mdtH	12
P69808	fryB	5
P69816	frwB	5
P69826	cmtA	12
P71298	intF	23
P71301	ecpR	13
P75683	yagG	13
P75685	rclC	7
P75687	rclB	4
P75712	ybbW	9
P75715	sfmH	9
P75733	chiP	21
P75736	ybfF	14
P75742	dtpD	8
P75745	pxpC	13
P75746	pxpA	11
P75757	zitB	4
P75777	ybhG	17
P75782	rlmF	13
P75785	opgE	18
P75794	ybiY	17
P75799	gsiD	7
P75806	ybjG	3
P75811	rcdA	5
P75817	rlmC	14
P75826	lysO	7
P75838	ycaO	21
P75843	ycaQ	26
P75851	ssuC	11
P75853	ssuA	11
P75855	elfA	6
P75856	elfD	15
P75857	elfC	37
P75858	elfG	14
P75901	efeU	8
P75920	mdoC	12
P75925	yceJ	4
P75938	flgF	10
P75942	flgJ	16
P75948	thiK	15
P75969	intE	22
P75995	pdeG	27
P76002	pliG	7
P76007	cvrA	16
P76017	ycgV	27
P76046	ycjX	21
P76057	xisR	4
P76062	racR	7
P76078	paaB	7
P76080	paaD	3
P76097	ydcJ	24
P76114	mcbR	12
P76128	ddpA	27
P76135	ydeO	15
P76142	lsrB	12
P76159	rrrQ	13
P76173	ynfH	6
P76175	clcB	9
P76187	ydhF	13
P76204	ydiV	11
P76215	astE	18
P76224	ynjC	7
P76241	nimR	11
P76249	leuE	8
P76254	yeaX	13
P76261	pdeD	19
P76268	kdgR	18
P76270	msrC	10
P76298	flhA	26
P76299	flhB	14
P76329	yedP	13
P76345	yodB	7
P76372	wzzB	16
P76393	yegI	26
P76446	pdeN	25
P76461	atoB	17
P76498	yfcO	12
P76499	yfcP	5
P76500	yfcQ	6
P76501	yfcR	8
P76502	sixA	4
P76506	mlaA	11
P76540	eutK	8
P76551	eutA	18
P76552	eutH	11
P76555	eutQ	10
P76556	eutP	9
P76655	yqiG	42
P76909	ynjD	10
P77156	ydcU	8
P77170	pinQ	12
P77179	rsxE	8
P77183	paoD	17
P77196	yfcU	35
P77213	ybdK	15
P77228	ydfJ	11
P77231	citG	15
P77249	sfmC	15
P77265	mdlA	26
P77268	ddpD	13
P77269	yphF	20
P77288	yfcV	6
P77295	ygaV	5
P77307	fetB	11
P77308	ddpB	8
P77315	yphD	5
P77329	hyfG	28
P77365	yafY	7
P77368	ybcL	6
P77377	wzxC	14
P77390	citC	20
P77400	ybaT	5
P77416	hyfD	12
P77432	lsrK	23
P77437	hyfF	11
P77445	eutE	18
P77463	ddpC	6
P77468	sfmD	32
P77473	pdeB	18
P77494	hokB	3
P77509	yphE	28
P77549	yfcJ	8
P77561	ydeP	43
P77579	fryC	11
P77585	ypdE	21
P77596	yagF	24
P77599	yfcS	15
P77622	ddpF	14
P77672	lsrC	8
P77682	yfdG	3
P77689	sufD	20
P77692	ykfI	6
P77744	abgR	16
P77768	rpnB	19
P77795	ydcT	20
P77804	ydgA	27
P77858	hyfC	8
P78067	ynjE	23
Q46798	ygeR	16
Q46801	xdhC	7
Q46802	uacR	25
Q46803	ygeW	24
Q46811	ygfK	61
Q46814	xdhD	39
Q46820	uacF	28
Q46824	ygfX	4
Q46836	pppA	6
Q46863	ygiS	23
Q46890	otnC	6
Q46891	otnI	9
Q46908	ygcR	14
Q46939	yqeF	18
Q46953	ypjF	4
Q47005	nac	10
Q47013	elaD	18
Q47083	cbl	19
Q47129	feaR	15
Q47142	hcaT	11
Q47156	yafN	3
Q47537	tauA	15
Q47539	tauC	8
Q47622	sapA	25
Q47689	mmuP	11
Q47706	uidC	22
Q57083	perR	16
Q6BEX0	ytfR	27
A0A385XJ53	insA9	6
A0A385XJE6	insH21	14
A0A385XJL4	insB9	10
A5A605	ykfM	3
A5A615	yncL	1
A5A624	dinQ	2
A5A628	yjbT	4
A5A630	ytcA	2
A8DYP9	uof	2
C1P5Z7	sgrT	3
C1P5Z8	ykgR	2
C1P601	rzoQ	5
C1P602	yoaK	1
C1P603	yoaJ	1
C1P605	azuC	2
C1P608	ibsB	1
C1P609	yohP	1
C1P610	ypdK	1
C1P611	shoB	1
E2JKY7	mgtL	1
G3MTW7	pmrR	1
P03061	ivbL	3
P03835	insG	23
P03841	malM	9
P06626	traJ	13
P06627	traY	8
P06965	dicC	6
P06966	dicA	8
P07021	yfiB	8
P08245	yciH	6
P08321	traL	5
P08322	traE	8
P08369	creD	14
P08371	ppdB	10
P08372	ppdC	6
P08390	usg	12
P09127	hemX	22
P09129	traS	5
P09153	tfaE	11
P09162	yjaA	8
P09557	dicB	1
P0A772	nrdI	10
P0A7C8	psiE	8
P0A8A0	yebC	9
P0A8A2	yeeN	9
P0A8C1	ybjQ	2
P0A8C4	ygfB	4
P0A8D3	yaiI	10
P0A8D9	yfbV	5
P0A8E1	ycfP	12
P0A8J4	ybeD	4
P0A8K8	yihY	8
P0A8L7	yciU	2
P0A8R7	ycjF	13
P0A8T5	fliE	6
P0A8U2	yafD	10
P0A8W5	yqgE	10
P0A8W8	yfbU	11
P0A8X2	yceI	11
P0A8X4	yccT	12
P0A8Z7	yqiA	4
P0A905	slyB	4
P0A976	cspF	4
P0A978	cspG	5
P0A982	cspH	4
P0A986	cspI	4
P0A9A2	ftnB	12
P0A9K1	phoH	18
P0A9K3	ybeZ	18
P0A9R2	essD	2
P0A9T6	ybaQ	7
P0A9T8	ybbA	11
P0A9U8	ydiO	16
P0A9V5	yiaG	5
P0A9W9	yrdA	12
P0AA31	yedF	4
P0AA49	yfdV	11
P0AA70	yedA	5
P0AA91	yeaY	12
P0AAA1	yagU	7
P0AAA3	ecpA	4
P0AAA5	ymcE	2
P0AAC4	ybhL	6
P0AAE5	ydgI	9
P0AAK4	hydN	10
P0AAL6	ydhY	10
P0AAN1	hybE	4
P0AAP5	iprA	12
P0AAP7	yaiY	2
P0AAQ0	yaiZ	3
P0AAQ2	yajD	4
P0AAR5	ybaN	5
P0AAR8	ybaV	8
P0AAS0	ylaC	6
P0AAU7	ybfE	3
P0AAV0	ybgE	4
P0AAW5	ybhQ	5
P0AAX3	ybiJ	3
P0AAY1	bssR	3
P0AAZ0	ybjO	8
P0AAZ7	ycaR	5
P0AB12	yccF	4
P0AB14	yccJ	5
P0AB26	yceB	8
P0AB35	ycfJ	8
P0AB49	ychH	1
P0AB52	ychN	5
P0AB55	yciI	3
P0ABR1	dinI	5
P0ABY2	fliT	4
P0ABY4	fldB	4
P0AC73	ebgC	9
P0ACB7	hemY	19
P0ACC9	wcaB	7
P0ACD2	wcaF	7
P0ACG6	hokD	2
P0ACH1	sfsB	6
P0ACI3	xylR	19
P0ACM2	rspR	11
P0ACM9	yihL	15
P0ACN2	ytfH	7
P0ACR7	yfeR	14
P0ACU7	yjdC	12
P0ACX0	ydgC	4
P0ACX9	ydiE	4
P0ACY6	yeaL	4
P0ACY9	yebG	5
P0AD12	yeeZ	16
P0AD17	yohC	4
P0AD19	yohK	4
P0AD24	yejL	4
P0AD30	yfcA	8
P0AD35	yfdO	9
P0AD44	yfhG	13
P0AD47	yphA	3
P0AD72	pheL	1
P0AD79	leuL	1
P0AD83	pyrL	2
P0AD86	thrL	1
P0AD92	trpL	0
P0ADA5	yajG	7
P0ADA7	osmB	1
P0ADB1	osmE	4
P0ADE2	ytfK	3
P0ADF3	rhoL	2
P0ADI7	yecD	9
P0ADI9	yhhN	2
P0ADJ3	yhjR	4
P0ADJ5	bcsF	3
P0ADJ8	yiaA	4
P0ADK4	yiaW	1
P0ADK6	yibA	22
P0ADK8	yibL	5
P0ADL6	yidG	6
P0ADM0	yidH	5
P0ADM4	yidQ	5
P0ADM8	yieE	15
P0ADQ5	yiiE	3
P0ADR0	yqaA	3
P0ADR2	ygdD	2
P0ADS6	yggE	10
P0ADT2	ygiB	10
P0ADT8	ygiM	12
P0ADX7	yhhA	7
P0AE14	ampE	16
P0AE28	aroM	6
P0AE42	yqaE	2
P0AE48	ytfP	4
P0AE58	caiF	6
P0AE63	chaB	4
P0AE74	citT	9
P0AE91	creA	9
P0AEB7	yoaB	4
P0AEH3	elaA	6
P0AEH8	yjiG	4
P0AEQ1	glcG	5
P0AET5	hdeD	3
P0AEV4	hycA	9
P0AEV7	hycH	2
P0AEX5	prkB	10
P0AEY1	marC	7
P0AF45	yjbE	0
P0AF54	yjcH	5
P0AF78	yjfJ	13
P0AF80	yjfL	4
P0AF82	yjfN	3
P0AF86	yjfY	4
P0AFH8	osmY	9
P0AFI9	perM	11
P0AFM4	psiF	7
P0AFN6	yadH	3
P0AFP0	yadS	8
P0AFP4	ybbO	15
P0AFR0	rssA	13
P0AFS7	ydiK	6
P0AFU2	yfbS	19
P0AFV0	yibH	13
P0AFW8	rof	3
P0AFZ1	sseB	5
P0AG27	yibN	8
P0AG71	rmuC	34
P0AGC7	ytjB	12
P0AGH1	yhhJ	11
P0AGJ5	yfiF	16
P0AGM0	yhhT	7
P0AGM2	yicG	6
P0AGM5	ychA	13
P0CB62	ymiA	2
P0CE49	insH1	14
P0CE50	insH2	14
P0CE51	insH3	14
P0CE52	insH4	14
P0CE53	insH6	14
P0CE54	insH7	14
P0CE55	insH8	14
P0CE56	insH9	14
P0CE57	insH10	14
P0CE58	insH11	14
P0CE59	JW1882	14
P0CE60	JW5895	14
P0CE61	JW5914	14
P0CE62	JW5928	14
P0CE63	JW5935	14
P0CE64	JW5936	14
P0CE65	JW5951	14
P0CF07	insA1	6
P0CF08	insA2	6
P0CF09	insA3	6
P0CF10	insA4	6
P0CF11	insA5	6
P0CF12	insA6	6
P0CF13	insA8	6
P0CF25	insB1	10
P0CF26	insB2	10
P0CF27	insB3	10
P0CF28	insB5	10
P0CF29	insB6	10
P0CF30	JW2285	10
P0CF40	insC1	7
P0CF41	insC2	7
P0CF42	insC3	7
P0CF43	insC4	7
P0CF44	insC5	7
P0CF45	insC6	7
P0CF46	insC7	7
P0CF47	JW5900	7
P0CF48	JW5902	7
P0CF49	JW5919	7
P0CF50	JW5934	7
P0CF53	insD1	17
P0CF54	insD2	17
P0CF55	insD3	17
P0CF56	insD4	17
P0CF57	insD5	17
P0CF58	insD6	17
P0CF59	insD7	17
P0CF60	insD8	12
P0CF61	JW5899	17
P0CF62	JW5903	17
P0CF63	JW5918	17
P0CF64	JW5933	17
P0CF66	insE1	7
P0CF67	insE2	7
P0CF68	insE3	7
P0CF69	insE4	7
P0CF70	insE5	7
P0CF71	insE6	7
P0CF72	insE7	7
P0CF79	insF1	17
P0CF80	insF2	17
P0CF81	insF3	17
P0CF82	insF4	17
P0CF83	insF5	17
P0CF84	insF6	17
P0CF87	yfjU	6
P0CF89	insI3	21
P0CF90	insI4	21
P0CF91	insL1	20
P0CF92	insL2	20
P0CF93	insL3	20
P0DP22	yjiQ	9
P0DP63	ybeH	4
P0DP64	ybeM	11
P0DP69	phnE1	5
P0DPC4	ytiC	2
P0DPC5	ytiD	2
P0DPC6	idlP	2
P0DPC7	rseD	2
P0DPD0	ldrA	0
P0DPD1	ldrC	0
P0DPO8	ynfT	2
P0DPP2	yoaL	2
P0DQD7	gndA	4
P0DSE4	argL	2
P0DSG0	pssL	1
P0DSH2	baxL	0
P0DSH3	yibX	5
P0DUM3	timP	2
P0DXX6	xtpA	4
P10030	pifC	15
P11286	yiaB	2
P11290	yibD	15
P11291	yzcX	10
P11447	argH	25
P11519	flmC	4
P11663	fumE	6
P11866	tdcR	4
P12994	ybhB	6
P13959	repA2	5
P13970	srnB	4
P13979	traT	12
P14497	traF	16
P15069	traH	17
P15081	gutM	5
P15082	srlR	13
P16681	yjdN	9
P16684	phnF	13
P16916	rhsA	79
P16917	rhsB	82
P16918	rhsC	83
P16919	rhsD	81
P18004	traC	40
P18006	trbI	8
P18033	traQ	2
P18035	trbB	6
P18390	yjjA	7
P18471	traU	11
P18472	traW	11
P18473	trbC	15
P19767	insA7	7
P19931	hyaE	8
P19932	hyaF	8
P21361	yciG	3
P21362	yciF	8
P21365	yciC	6
P21367	ycaC	8
P21503	ycaD	8
P22707	finO	10
P22709	traX	7
P22787	yifB	24
P23325	arpA	36
P23481	hyfA	10
P23840	dinD	12
P24178	yffB	5
P24211	rhsE	38
P25531	yicR	13
P25550	aslB	18
P25738	msyB	4
P25743	ychE	9
P25747	yeiB	16
P26608	fliS	8
P27294	inaA	12
P27297	bax	15
P27375	yjaZ	11
P27843	yigG	2
P27844	rarD	5
P28303	dinF	13
P28369	prfH	8
P28697	mbiA	10
P28721	gltF	8
P28722	yhcA	10
P28912	yhhI	21
P28916	ybfD	11
P28917	ydcC	21
P29217	yceH	13
P29744	flgL	17
P30143	yaaJ	9
P30192	insZ	16
P30852	smf	16
P30864	yafC	19
P30979	ybeF	17
P31061	nohA	11
P31063	yedD	10
P31064	yedE	14
P31130	ydeI	8
P31131	ydeJ	10
P31433	yicH	26
P31435	yicJ	13
P31437	yicL	6
P31446	yidI	4
P31447	yidJ	21
P31448	yidK	21
P31449	yidL	11
P31450	glvG	10
P31453	yidP	13
P31456	cbrA	20
P31463	yidZ	13
P31468	cbrB	5
P31469	cbrC	6
P31470	yieK	11
P31471	yieL	17
P31475	yieP	8
P31666	yadE	24
P31679	yaaU	10
P31808	yciK	14
P31827	yddB	37
P32051	ydeK	43
P32057	wcaI	21
P32135	yihN	13
P32139	yihR	5
P32152	frvR	32
P32153	frvX	15
P32155	frvA	8
P32674	pflD	41
P32677	yijO	14
P32687	yjbF	8
P32689	yjbH	28
P32703	yjcE	15
P32709	nrfD	9
P32712	nrfG	6
P33011	yeeA	15
P33020	yeiI	14
P33029	yeiQ	23
P33218	yebE	11
P33235	flgK	21
P33236	mokC	3
P33345	yehF	12
P33348	yehL	18
P33349	yehM	30
P33353	yehQ	31
P33354	yehR	8
P33366	yohD	4
P33368	yohF	10
P33554	ppdA	9
P33634	yfiE	16
P33666	ydbA	22
P33924	yejO	33
P33997	alpA	4
P34209	ydcF	9
P34211	yuaR	29
P36547	eutR	12
P36554	mdtD	9
P36645	hofB	22
P36646	hofC	14
P36881	yadI	10
P36928	yegD	20
P36930	gatR	7
P36943	eaeH	14
P37007	yagA	23
P37008	yagB	6
P37014	yfaD	16
P37049	yaeI	12
P37056	yaeF	11
P37057	ogrK	4
P37305	hokA	3
P37325	ybcH	18
P37327	yfdC	6
P37342	yjjI	24
P37440	ucpA	16
P37443	ycaI	22
P37626	yhiI	23
P37629	yhiL	30
P37630	yhiM	5
P37640	yhjB	12
P37641	yhjC	15
P37642	yhjD	13
P37643	yhjE	6
P37648	yhjJ	25
P37650	bcsC	69
P37655	bcsQ	13
P37659	bcsG	17
P37660	yhjV	12
P37663	yhjY	3
P37673	yiaL	9
P37681	yiaT	10
P37682	yiaU	15
P37683	yiaV	14
P37748	wbbH	10
P37750	wbbJ	9
P37751	wbbK	24
P37767	yfhH	12
P37903	uspF	6
P37909	ybgD	6
P38055	ydjE	14
P38104	rspA	22
P38105	rspB	15
P38392	sieB	6
P39161	uxuR	11
P39165	ychO	19
P39187	ytfJ	9
P39212	insN2	6
P39263	yfcC	10
P39264	fimI	8
P39270	yjdF	5
P39282	yjeM	11
P39284	yjeO	5
P39314	ytfF	6
P39332	yjgH	5
P39336	yjgL	38
P39337	yjgM	7
P39338	yjgN	15
P39343	idnR	14
P39349	yjgX	6
P39355	yjhE	4
P39356	yjhU	15
P39357	yjhF	12
P39360	yjhI	17
P39361	sgcR	15
P39363	sgcA	2
P39366	sgcX	18
P39368	yjhQ	11
P39369	yjhR	20
P39379	yjiH	9
P39381	yjiJ	4
P39382	yjiK	15
P39383	yjiL	16
P39384	yjiM	17
P39389	yjiR	22
P39393	yjiV	52
P39407	yjjU	15
P39834	ygiL	6
P39836	yfeH	8
P39901	ybfI	5
P41039	ybiI	5
P41066	traK	11
P41067	traB	17
P41069	traV	5
P42589	ygjH	6
P42590	ygjI	9
P42597	ygjP	11
P42599	ygjR	9
P42603	ygjV	4
P42616	yqjC	5
P42619	yqjF	3
P42906	agaA	9
P43340	ycaK	8
P43531	ynfM	10
P43533	flgN	7
P43667	ygaH	4
P45394	yrbG	9
P45420	yhcD	28
P45423	yhcG	18
P45465	yraN	9
P45468	yraQ	9
P45472	yhbQ	5
P45524	yheT	17
P45537	yhfK	31
P45546	yhfT	13
P45549	yhfW	14
P45566	yhdT	2
P45570	ybcI	8
P45581	stfP	6
P45757	gspC	14
P45771	yrdD	10
P45848	yciQ	21
P46119	ybjC	1
P46122	yajI	8
P46125	yedI	9
P46141	ygbE	1
P46478	aaeX	0
P46853	yhhX	16
P47737	yubQ	7
P51024	yaiL	10
P52007	yecM	10
P52044	ygfI	19
P52052	yggR	17
P52107	csgC	5
P52131	yfjP	16
P52133	yfjR	10
P52140	yfjY	7
P52141	yfjZ	4
P52598	ygbI	13
P52636	yccM	11
P52696	ybhD	15
P55138	ygcE	19
P55140	ygcG	8
P56256	ysaA	8
P56262	ysgA	8
P56614	ymdF	2
P56979	intM	14
P57998	insB4	10
P58035	sgcB	2
P58041	rzoD	1
P58042	rzoR	1
P60632	yohJ	3
P60869	ybjL	18
P60872	yidE	12
P60995	hisL	1
P62556	sopA	17
P62558	sopB	18
P62670	flmA	2
P62723	yeiH	6
P63264	cbpM	2
P63340	yqeG	10
P64429	ypfJ	10
P64432	ypjD	6
P64439	ybjM	4
P64442	yceO	3
P64455	ydcY	3
P64481	ydjM	6
P64496	yoaG	2
P64503	yebV	3
P64508	yobF	3
P64515	yecN	5
P64519	yodD	4
P64545	yfgG	4
P64548	yfiR	7
P64564	yggT	7
P64567	yqgB	2
P64572	yghR	15
P64585	yqjE	7
P64590	yhaH	2
P64592	yhaI	2
P64614	yhcN	4
P65290	yfgH	5
P65292	ygdI	3
P65294	ygdR	2
P65298	yqhH	4
P65807	ygeY	21
P67127	ygdQ	8
P67143	yhgN	6
P67153	yqfA	6
P67244	yqhA	5
P67553	ynfC	10
P67601	yobD	5
P67660	yhaJ	18
P67699	yddM	4
P67729	yfeO	7
P67826	cutC	15
P68206	yjbJ	3
P68644	fixC	21
P68646	fixX	8
P68661	ybcO	5
P69789	glvB	8
P69824	cmtB	6
P71237	wcaC	22
P71238	wcaD	13
P71239	wcaE	12
P71242	wcaK	23
P71243	wcaL	21
P71244	wcaM	24
P75678	ykfA	16
P75679	insN1	7
P75681	afuB	5
P75693	yahN	6
P75694	yahO	5
P75697	yaiX	10
P75719	rzpD	11
P75734	chiQ	6
P75741	ybfL	21
P75747	abrB	7
P75748	ybgO	17
P75749	ybgP	15
P75750	ybgQ	26
P75763	ybhI	11
P75764	ybhJ	28
P75767	ybhK	17
P75770	ybhN	9
P75779	ybiX	13
P75788	ybiR	10
P75793	ybiW	38
P75810	ybjJ	8
P75818	ybjP	8
P75822	ybjT	27
P75828	ybjD	30
P75835	ycaM	13
P75836	ycaN	17
P75859	ycbU	2
P75860	ycbV	8
P75867	ycbZ	24
P75870	yccS	23
P75874	yccU	8
P75882	gfcD	32
P75883	gfcC	8
P75884	gfcB	10
P75885	gfcA	0
P75916	ycdZ	3
P75917	ymdA	3
P75931	yceM	11
P75933	flgA	9
P75936	flgD	3
P75937	flgE	9
P75955	ycfT	11
P75961	ycfZ	9
P75962	ymfA	5
P75970	xisE	6
P75971	ymfH	4
P75974	cohE	11
P75981	jayE	11
P75991	ycgZ	4
P75992	ymgA	6
P76000	ycgI	9
P76011	ymgE	1
P76034	yciT	16
P76049	ycjY	17
P76053	smrA	10
P76056	intR	21
P76063	ydaS	5
P76064	ydaT	8
P76071	insH5	14
P76072	stfR	52
P76076	ydbL	7
P76090	ynbA	5
P76092	ynbC	27
P76093	ynbD	13
P76100	ydcK	13
P76102	insQ	22
P76103	ydcO	2
P76111	ydcZ	5
P76116	yncE	18
P76117	yncG	4
P76119	yncI	13
P76127	bdm	3
P76134	ydeM	23
P76137	ydeT	16
P76138	yneL	2
P76146	yneE	14
P76161	quuQ	14
P76164	ydfW	2
P76168	intQ	18
P76169	ynfA	4
P76170	ynfB	6
P76172	ynfD	3
P76176	ydgD	9
P76180	ydgK	4
P76185	ydhJ	16
P76186	ydhK	27
P76197	ydiM	8
P76198	ydiN	6
P76201	ydiQ	9
P76214	ves	13
P76219	ydjX	5
P76220	ydjY	15
P76221	ydjZ	6
P76223	ynjB	20
P76226	ynjF	4
P76228	ynjI	16
P76230	ydjK	13
P76235	yeaH	19
P76269	yebQ	9
P76297	flhE	6
P76319	yedL	7
P76335	yedS	5
P76356	yoeA	5
P76359	yeeP	12
P76361	yeeR	26
P76362	yeeS	6
P76369	yeeY	12
P76389	yegH	22
P76402	yegP	7
P76417	yegT	8
P76419	yegV	14
P76421	yegX	10
P76460	atoE	7
P76464	yfaS	67
P76470	rhmT	9
P76471	yfaZ	6
P76482	yfbL	12
P76483	yfbM	6
P76509	yfdM	6
P76514	yfdR	4
P76520	yfdX	10
P76538	yfeZ	4
P76539	ypeA	8
P76542	intZ	26
P76561	ypfH	7
P76569	yfgD	6
P76573	yfgI	8
P76584	yphB	8
P76611	pinH	2
P76616	ygaQ	40
P76628	ygaY	4
P76630	ygaZ	4
P76633	ygcW	12
P76639	ygeH	24
P76656	yqiI	10
P76657	yqiJ	3
P77031	yqcE	14
P77087	tfaX	1
P77091	hokE	2
P77169	yagJ	13
P77181	paaY	7
P77187	yahF	21
P77188	ecpB	9
P77199	yaiT	19
P77234	ybeQ	22
P77237	essQ	2
P77252	ykgE	14
P77260	ydfI	24
P77263	ecpE	8
P77277	eutJ	12
P77280	ydjJ	18
P77293	yfdH	11
P77294	ydeR	8
P77309	yneJ	14
P77316	ybdR	23
P77318	ydeN	26
P77328	ybbY	7
P77330	borD	5
P77337	ydiS	21
P77354	yafU	2
P77360	yphC	17
P77375	ydhX	14
P77376	ydgJ	15
P77378	ydiR	14
P77381	djlB	27
P77389	ydhP	8
P77396	ypdC	15
P77402	ydiP	15
P77409	ydhU	5
P77414	wcaA	12
P77423	hyfH	10
P77433	ykgG	16
P77495	prpE	30
P77504	ybbP	31
P77515	stfQ	7
P77519	yddL	3
P77528	peaD	5
P77536	ykgF	21
P77538	yfhR	11
P77539	ydjL	22
P77551	rzpR	7
P77552	ydhQ	16
P77554	yahJ	23
P77559	ynfL	15
P77562	yaiW	15
P77569	mhpR	17
P77588	ydeQ	14
P77601	ykgA	13
P77609	flxA	7
P77610	ansP	14
P77616	yqiH	8
P77624	yahI	18
P77634	ybcM	8
P77668	hyfI	9
P77694	ecpD	21
P77695	gnsB	4
P77698	ybcK	30
P77699	tfaD	5
P77700	yahB	14
P77713	yagH	28
P77714	ydiT	5
P77717	ybaY	5
P77721	ydjF	16
P77726	yajR	10
P77730	ydcR	21
P77732	rhmR	11
P77739	yniA	13
P77746	ybdO	17
P77779	ybfO	22
P77789	ydeS	8
P77802	ecpC	34
P77808	yfaY	16
P96329	pifA	43
Q00037	tnpA	52
Q05807	trbE	3
Q2EEQ2	rpmJ2	1
Q2EES1	yniD	2
Q2EES6	yohO	1
Q2EET0	ypdJ	2
Q2EET2	ypfN	3
Q2M5U1	ytjA	2
Q46755	ychQ	7
Q46790	pbl	9
Q46791	ygeK	9
Q46795	ygeO	5
Q46797	ygeQ	13
Q46807	yqeA	13
Q46812	ssnA	22
Q46832	yghD	10
Q46833	yghE	19
Q46834	yghF	22
Q46835	yghG	8
Q46840	yghO	16
Q46841	yghQ	15
Q46844	yghT	10
Q46861	ygiQ	44
Q46866	ygiV	9
Q46867	ygiZ	4
Q46888	ltnD	14
Q46889	otnK	18
Q46892	ygbN	9
Q46904	ygcN	22
Q46905	ygcO	5
Q46906	ygcP	11
Q46907	ygcQ	12
Q46909	ygcS	10
Q46911	ygcU	23
Q46942	yqeI	14
Q47147	yafJ	16
Q47151	yafL	12
Q47153	lfhA	27
Q47154	lafU	13
Q47158	yafP	9
Q47269	ybcN	10
Q47274	quuD	7
Q47534	yaiO	14
Q47536	yaiP	12
Q47679	yafV	13
Q47684	yafW	3
Q47685	ykfG	8
Q47688	ykfC	22
Q47718	insO2	12
Q57154	repB	22
Q6BF25	ldrD	0
Q6BF87	ldrB	0
Q79E92	ykgN	6
Q9JMS3	yuaQ	35
Q9JMS5	yuaO	79
Q9JMT3	insF7	17
Q9JMT8	yuaB	16
Q9S4W2	yubM	43
Q9S4X2	yubD	10
U3PVA8	iroK	1
A0A385XJK5	ypaB	2
A0A385XJL2	ygdT	0
A5A607	ylcI	2
A5A611	ymgI	4
A5A612	ymgJ	2
A5A613	yciY	2
A5A614	yciZ	3
A5A617	ydgU	1
A5A619	yojO	3
A5A621	ypfM	1
A5A625	yibV	7
A8DYQ1	ythA	2
C1P5Z9	ymiB	2
C1P600	ynbG	2
C1P604	yobI	1
C1P606	yoeI	1
C1P612	yqcG	3
C1P613	yqeL	2
C1P614	yqfG	1
C1P618	yrbN	2
C1P619	ilvX	0
C1P620	yshB	0
C1P621	yjeV	1
P02338	tpr	1
P07010	rem	6
P08370	ygdB	7
P08868	yuaZ	5
P09154	ymfS	5
P09996	yidB	4
P0A828	smg	7
P0A8E5	yacL	5
P0A8K5	yaeP	3
P0A8L5	ycgN	8
P0A8R4	slyX	4
P0AA95	yacC	5
P0AA97	yaeQ	11
P0AAL9	ykgJ	7
P0AAN5	yaiA	4
P0AAQ6	ybaA	5
P0AAS9	ybdD	4
P0AAT2	ybdF	7
P0AAT9	ybeL	9
P0AAU2	ybfA	4
P0AAU5	ybfB	4
P0AAV6	ybgS	1
P0AAV8	ybhH	12
P0AAW1	ybhP	15
P0AAY4	ybjH	2
P0AB03	ycbJ	16
P0AB31	yceK	3
P0AB43	ycgL	8
P0AB46	ymgD	6
P0AB61	yciN	5
P0ACV8	ymjA	5
P0ACW0	ydaF	1
P0ACW2	ydbJ	3
P0ACW4	ydcA	4
P0ACW6	ydcH	4
P0ACW8	ydfA	0
P0AD05	yecA	9
P0AD07	yecF	3
P0AD10	yecJ	5
P0AD21	yejG	7
P0AD33	yfcZ	5
P0AD37	yfeC	7
P0AD40	ypeB	5
P0AD53	ygaC	8
P0AD74	pheM	2
P0ADC8	yjiX	4
P0ADD9	yjjY	2
P0ADF0	fruL	2
P0ADK0	yiaF	8
P0ADL3	yicN	8
P0ADM6	yidX	10
P0ADP9	yihD	5
P0ADS9	yggN	13
P0ADU7	yqiB	8
P0ADV5	yhbW	13
P0ADW8	yheV	3
P0ADX1	yhfA	7
P0ADX5	yhfG	1
P0AEG8	dsrB	0
P0AF34	yiiR	4
P0AF48	yjbQ	7
P0AF50	yjbR	5
P0AF56	yjcO	10
P0AF59	yjdI	4
P0AF70	yjeI	4
P0AF73	yjeT	3
P0AF76	yjfI	4
P0AFT8	yeiW	3
P0AFU6	yiiF	4
P0C243	yubJ	7
P0CD93	ymjD	1
P0CF86	yfjU	6
P0DN74	ytiA	3
P0DPC8	ymcF	5
P0DPC9	ynfQ	4
P0DPM5	yabR	0
P0DPM6	yacM	0
P0DPM7	yadW	1
P0DPM8	ykgS	3
P0DPM9	ykgV	3
P0DPN0	yahV	1
P0DPN1	ykiC	2
P0DPN2	ykiD	2
P0DPN3	ylcJ	2
P0DPN4	yldA	1
P0DPN5	ybgU	2
P0DPN6	yliM	1
P0DPN7	ymdG	0
P0DPN8	ymgK	1
P0DPN9	ymgL	1
P0DPO0	ymgM	4
P0DPO1	ymiC	2
P0DPO2	ymjE	3
P0DPO3	ynaL	0
P0DPO4	ynaM	2
P0DPO5	yncO	1
P0DPO6	yddY	1
P0DPO7	yneP	2
P0DPO9	ynfR	1
P0DPP0	ynfS	2
P0DPP1	ynfP	1
P0DPP3	yecU	3
P0DPP4	yqfH	2
P0DPP5	yqfI	0
P0DPP6	yqhI	3
P0DPP7	yqiD	2
P0DPP8	ysdD	0
P0DSE3	yadX	1
P0DSE5	ytiB	1
P0DSE6	ybgV	0
P0DSE7	ybiE	1
P0DSE8	yljB	2
P0DSE9	ychT	1
P0DSF0	ymiD	3
P0DSF1	ynaN	0
P0DSF2	yncP	1
P0DSF3	mgtT	2
P0DSF4	ynfU	3
P0DSF5	ydgV	2
P0DSF6	yecV	1
P0DSF7	yoaM	1
P0DSF8	yodE	2
P0DSF9	evgL	0
P0DSG1	yfiS	1
P0DSG2	yqgG	3
P0DSG3	yqgH	2
P0DSG4	yqhJ	2
P0DSG5	yqiM	2
P0DSG6	yhgO	0
P0DSG7	yhgP	1
P0DSG8	yhiY	2
P0DSG9	yriA	1
P0DSH0	yriB	1
P0DSH1	ysaE	1
P0DSH4	yibY	2
P0DSH5	yicU	1
P0DSH6	ysdE	2
P0DSH7	ysgD	1
P0DSH8	ytgA	1
P0DSH9	ykiE	2
P0DSI0	ythB	2
P0DUW0	ykfO	1
P0DUW1	ymgN	1
P0DUW2	ynhH	3
P0DUW3	yoeJ	1
P0DUW4	ypeD	2
P0DV19	yrfJ	0
P0DV20	ytcB	2
P0DV21	ytgB	1
P0DV22	ytiE	1
P0DV23	ytjE	0
P10031	psiB	5
P11289	yfiL	5
P11664	yggC	10
P11864	yhaC	19
P11865	yhaB	7
P13960	repA1	5
P15033	racC	5
P15068	trbF	1
P17994	yfaA	27
P18005	yubP	12
P18032	artA	1
P18034	trbA	3
P18148	psiA	12
P18353	trbJ	4
P18355		5
P19381	trbH	13
P19768	insJ	8
P20343	cysX	8
P21363	yciE	11
P21418	ydfC	4
P23305	yigA	12
P24238	yebB	7
P24252	ybgA	11
P25666	htrL	15
P25728	ygbA	6
P25907	ydbD	41
P27238	yfeD	6
P27840	yigE	10
P27842	yigF	4
P28247	bicB	6
P28696	yaaI	7
P28911	yhhH	4
P28915	ybfC	13
P29009	ydfB	3
P29010	ydfD	4
P29013	ycgB	19
P30866	yafE	10
P31062	nohD	10
P31121	marB	1
P31443	yidF	10
P31455	yidR	20
P31991	ydcD	6
P32106	yibG	5
P32108	yibI	4
P32109	yibJ	10
P32128	yihF	24
P32134	yihM	21
P32151	yiiG	17
P32160	yiiQ	11
P32162	yiiS	4
P32167	yiiX	11
P32668	yijF	11
P32680	yjaG	11
P32681	yjaH	9
P32685	yjbD	2
P32688	yjbG	12
P32690	yjbI	27
P32693	yjbL	6
P32694	yjbM	11
P32700	yjcB	2
P32704	yjcF	20
P33227	stfE	6
P33344	yehE	4
P33346	yehI	54
P33347	yehK	7
P33352	yehP	19
P33355	yehS	10
P33668	ybbC	4
P33669	ybbD	3
P36661	yccE	18
P36677	yhdN	8
P36682	yacH	19
P37003	ybfG	8
P37052	ychJ	7
P37348	yecE	16
P37614	yhhL	3
P37615	yhhM	8
P37627	yhiJ	25
P37635	yhiS	9
P37691	yibQ	15
P38394	ydaE	4
P39220	yabP	11
P39221	yabQ	3
P39274	yjdJ	2
P39279	yjeJ	15
P39283	yjeN	5
P39293	yjfK	11
P39295	yjfM	9
P39308	yjfZ	10
P39309	ytfA	3
P39317	ytfI	18
P39342	yjgR	31
P39351	yjgZ	8
P39354	yjhD	4
P39364	sgcQ	15
P39367	yjhP	9
P39374	yjiC	10
P39385	yjiN	24
P39390	yjiS	3
P39391	yjiT	27
P41065	traR	3
P41068	traP	13
P41070	trbD	4
P41072	trbG	5
P42591	ygjJ	17
P42598	ygjQ	13
P42625	yhaL	3
P45421	yhcE	4
P45422	yhcF	8
P45469	yraR	10
P45505	yfaH	4
P45545	yhfS	22
P45550	yhfX	19
P45551	yhfY	4
P45552	yhfZ	18
P45564	yfeN	10
P45736	ycjD	5
P45795	yrdB	5
P45804	yhgE	27
P45807	ybaM	2
P46126	yfiM	5
P46142	yggM	19
P46144	yedJ	15
P46855	yhhZ	18
P46856	yrhA	10
P46857	yrhB	6
P46879	yqgD	5
P46887	yecH	3
P46890	ybaE	28
P52048	yggP	12
P52060	yggU	5
P52096	yaeR	5
P52123	yfjH	17
P52124	yfjI	27
P52125	yfjJ	9
P52128	yfjM	6
P52132	yfjQ	14
P52134	ypjK	1
P52135	yfjT	7
P52138	yfjW	20
P52139	yfjX	3
P52644	hslJ	8
P54901	csiE	15
P55914	yjjZ	3
P56257	ykgL	6
P56259	yifN	9
P56980	repL	1
P58033	ypjJ	2
P58036	yjbS	6
P58037	yrhD	2
P58094	yciX	2
P58095	ypjI	1
P62066	yceQ	5
P62522	ilvL	1
P62672	apaG	5
P62768	yaeH	7
P64435	ybcW	5
P64445	ynaJ	1
P64451	ydcL	12
P64459	yncJ	7
P64463	ydfZ	5
P64471	ydhI	2
P64474	ydhL	3
P64476	ydiH	4
P64479	ydiZ	4
P64485	yeaQ	3
P64488	yeaR	6
P64490	yoaC	5
P64493	yoaF	3
P64499	yebO	3
P64517	yodC	4
P64521	yeeT	6
P64526	yeeW	2
P64536	yeiS	3
P64540	yfcL	4
P64542	ypeC	3
P64557	ygfM	12
P64562	yqfE	5
P64570	yqgC	3
P64574	yghW	8
P64610	yrbL	9
P64616	yhcO	4
P64619	yhdU	2
P64622	yhdV	2
P64624	yheO	11
P64627	yhfL	3
P64631	yhfU	5
P67338	yoaH	3
P67624	yheU	3
P67762	yhbP	8
P71296	yagM	13
P71297	yagN	7
P71311	yaiS	10
P75616	yaaX	4
P75617	yaaW	15
P75620	yaaY	4
P75672	yafS	11
P75675	ykfJ	4
P75676	yafX	4
P75677	ykfF	3
P75680	insO1	6
P75684	yagP	8
P75688	b0309	3
P75692	yahM	4
P75704	ykiA	3
P75711	ybbV	6
P75717	exoD	6
P75718	renD	2
P75737	ybfP	6
P75769	ybhM	7
P75791	ybiU	20
P75821	ybjS	15
P75829	ybjX	20
P75839	ycaP	11
P75910	ycdU	12
P75946	ycfL	5
P75967	ymfD	13
P75968	ymfE	8
P75972	ymfI	7
P75973	ymfJ	8
P75975	croE	7
P75976	ymfL	9
P75977	ymfM	9
P75978	ymfN	21
P75979	ymfR	1
P75980	beeE	7
P75982	ymfQ	9
P75988	ycgX	8
P75994	ymgC	5
P76001	ycgJ	3
P76012	ycgY	8
P76023	ychS	3
P76035	yciW	23
P76061	ydaG	2
P76065	ydaU	12
P76066	ydaW	8
P76068	ynaK	6
P76069	ydaY	5
P76073	ynaE	7
P76096	mokB	1
P76118	yncH	4
P76121	yddH	12
P76122	yddJ	6
P76123	yddK	11
P76148	yneG	6
P76150	yneK	19
P76154	ydfK	6
P76155	tfaQ	2
P76156	ydfO	9
P76157	ynfN	4
P76158	rzpQ	7
P76160	ydfR	8
P76162	ydfU	21
P76163	ydfV	7
P76165	ydfX	5
P76177	ydgH	18
P76196	ydiL	8
P76205	arpB	6
P76206	ydiY	8
P76208	yniB	4
P76210	ydjO	11
P76222	ynjA	11
P76227	ynjH	2
P76231	yeaC	6
P76239	yoaI	0
P76243	yeaO	7
P76275	yebW	1
P76280	yobB	11
P76296	yecT	7
P76308	yecR	3
P76322	yedM	9
P76323	intG	7
P76349	yeeL	14
P76394	yegJ	8
P76396	yegL	10
P76406	yegR	6
P76418	yegU	16
P76462	yfaP	9
P76463	yfaQ	32
P76466	yfaT	9
P76481	yfbK	31
P76484	yfbN	11
P76485	yfbO	0
P76486	yfbP	12
P76505	yfdF	19
P76507	yfdI	21
P76508	yfdL	8
P76510	yfdN	11
P76512	yfdP	6
P76513	yfdQ	15
P76515	yfdS	7
P76516	yfdT	7
P76521	yfdY	1
P76537	yfeY	9
P76543	yffL	11
P76544	yffM	5
P76545	yffN	6
P76546	yffO	8
P76547	yffP	10
P76548	yffQ	8
P76549	yffR	3
P76550	yffS	15
P76559	ypfG	21
P76575	yfgJ	4
P76585	yphG	55
P76586	yphH	18
P76612	ypjB	9
P76613	ypjC	10
P76692	yzgL	2
P77136	yqeK	7
P77147	ydhT	15
P77148	ydhS	20
P77162	ykfB	6
P77163	tfaR	2
P77174	ybdM	12
P77180	ykgH	11
P77184	lomR	3
P77206	yafZ	14
P77216	ybdN	22
P77219	yahC	1
P77221	yahG	18
P77286	ydeU	16
P77296	ybeT	8
P77297	yahE	12
P77301	ybaP	8
P77326	tfaS	5
P77339	yafT	15
P77393	yahL	17
P77427	ybeU	13
P77453	hyfJ	5
P77460	ybcY	5
P77506	ybdJ	0
P77546	ydaV	14
P77564	ydhW	12
P77598	ybcV	8
P77607	yagL	15
P77627	ybeR	11
P77656	yfdK	4
P77657	yagK	13
P77658	ynaA	19
P77688	ylbG	6
P77736	yahD	10
P77759	ylbH	12
P77775	yfcH	14
P78271	yfeS	11
Q00042	tnpX	39
Q02885	yubO	5
Q2EEP9	yafF	4
Q2EEQ3	yahH	2
Q2EEQ8	ybfQ	2
Q2EER5	ymjC	4
Q2EES0	ynfO	4
Q2EES3	yoeF	4
Q2EEU2	yjhX	5
Q2M7M3	ysaB	5
Q2M7R5	yibT	3
Q2M7X4	yicS	5
Q2MB16	yobH	5
Q46786	ygeF	8
Q46787	ygeG	11
Q46789	ygeI	1
Q46793	ygeN	14
Q46796	ygeP	7
Q46808	yqeB	28
Q46809	yqeC	12
Q46819	ygfS	6
Q46831	yqgA	5
Q46843	yghS	17
Q46858	yqhG	12
Q46919	yqcC	5
Q46941	yqeH	8
Q46943	yqeJ	10
Q47138	ydfE	17
Q47268	ylcH	2
Q47270	ninE	3
Q47272	ylcG	3
Q47702	yfeK	8
Q47710	yqjK	7
Q47719	yjhV	5
Q6BEX5	yjdP	2
Q7DFU6	yghX	5
Q7DFV3	ymgG	5
Q7DFV4	ymdE	4
Q9JMR2	yubN	6
Q9JMR3	yubL	5
Q9JMR4	yubK	7
Q9JMR5	yubH	11
Q9JMR6	yuaY	16
Q9JMR7	yuaX	5
Q9JMR8	yuaW	6
Q9JMR9	yuaV	2
Q9JMS0	yuaU	11
Q9JMS1	yuaT	5
Q9JMS2	yuaS	6
Q9JMS4	yuaP	6
Q9JMS6	yuaN	4
Q9JMS7	yuaM	6
Q9JMS8	yuaL	4
Q9JMS9	yuaK	3
Q9JMT1	yuaH	9
Q9JMT4	yuaF	10
Q9JMT5	yuaE	9
Q9JMT6	yuaD	6
Q9JMT7	yuaC	7
Q9JMT9	yuaA	8
Q9S4W7	yubI	8
Q9S4W9	yubG	11
Q9S4X0	yubF	7
Q9S4X1	yubE	5
Q9S4X3	yubC	6
Q9S4X4	yubB	3
Q9S4X5	yubA	11
Q9XB42	ykfH	3
Q9Z3A0	yjgW	6
V9HVX0	ypaA	4
